"","GeneSymbol","logFC","AveExpr","t","P.Value","adj.P.Val","logFC_Tumor_vs_Normal","B","GeneName","ENTREZID"
"207502_at","GUCA2B",-3.35192591558442,8.21874954954955,-12.0324016284431,6.84365568020887e-22,1.52456117588013e-17,3.35192591558442,39.007512201774,"guanylate cyclase activator 2B","2981"
"215118_s_at","IGH",-2.24686190584416,9.19698477477477,-11.7543522367183,2.97428175643291e-21,2.72058772295444e-17,2.24686190584416,37.5887350111509,"immunoglobulin heavy locus","3492"
"207003_at","GUCA1B",-4.01937160064936,10.7613785585586,-11.7149637956522,3.66376225203722e-21,2.72058772295444e-17,4.01937160064936,37.387339332328,"guanylate cyclase activator 1B","2979"
"206784_at","AQP8",-3.61974932467533,9.10713234234234,-10.8156905595182,4.35490060106516e-19,1.94028241379857e-15,3.61974932467533,32.7675215762652,"aquaporin 8","343"
"207504_at","CA7",-1.60224207142857,6.95309765765766,-10.5601903461671,1.69947102694107e-18,6.30985267786103e-15,1.60224207142857,31.4496529721144,"carbonic anhydrase 7","766"
"204697_s_at","CHGA",-2.79285498701299,9.64585135135135,-10.4258664855938,3.47782778893052e-18,1.10679385220008e-14,2.79285498701299,30.7563621918515,"chromogranin A","1113"
"209735_at","ABCG2",-2.59767638961039,7.87706837837838,-10.2866021927302,7.30727142065408e-18,2.03480106797389e-14,2.59767638961039,30.0374074781471,"ATP binding cassette subfamily G member 2 (JR blood group)","9429"
"205950_s_at","CA1",-4.00902787987013,10.8056686486486,-10.2393520716843,9.4004771473738e-18,2.32682699346718e-14,4.00902787987013,29.7934633561197,"carbonic anhydrase 1","759"
"206149_at","CHP2",-2.73780883116883,8.94481765765766,-10.2004901296711,1.15642882501246e-17,2.57617649348025e-14,2.73780883116883,29.5928269354461,"calcineurin like EF-hand protein 2","63928"
"206208_at","CA4",-2.98196188311689,8.90084225225225,-10.1252986439866,1.72653757789303e-17,3.49655251115664e-14,2.98196188311689,29.2046430407509,"carbonic anhydrase 4","762"
"206209_s_at","CA4",-3.40394830194805,9.08609765765766,-10.0837931300273,2.15398221565283e-17,3.99868848484151e-14,3.40394830194805,28.9903814797296,"carbonic anhydrase 4","762"
"205593_s_at","PDE9A",-2.29617015259741,9.71246036036036,-10.0107354951971,3.17913028654563e-17,5.4478065687213e-14,2.29617015259741,28.6132804297604,"phosphodiesterase 9A","5152"
"209442_x_at","ANK3",-1.20821284415585,9.17322045045045,-9.82020329443116,8.76998318974438e-17,1.29570218008292e-13,1.20821284415585,27.6301951467626,"ankyrin 3","288"
"212594_at","PDCD4",-1.24516289935065,9.17423207207207,-9.80905629579794,9.30611612036034e-17,1.29570218008292e-13,1.24516289935065,27.5727031993382,"programmed cell death 4","27250"
"209791_at","PADI2",-2.50826326298702,10.1631926126126,-9.77241187435844,1.13102378577212e-16,1.48210687503797e-13,2.50826326298702,27.383727267548,"peptidyl arginine deiminase 2","11240"
"212593_s_at","PDCD4",-1.16584831168831,12.0153897297297,-9.69075963683755,1.74639065348942e-16,2.16135247709911e-13,1.16584831168831,26.9627786391401,"programmed cell death 4","27250"
"206422_at","GCG",-3.5537370909091,9.00427072072072,-9.45157947484862,6.2250320367949e-16,7.29868624650947e-13,3.5537370909091,25.7310502018942,"glucagon","2641"
"205861_at","SPIB",-1.3326897435065,7.03521765765766,-9.28800451573789,1.482341011819e-15,1.55946933632389e-12,1.3326897435065,24.8901545038543,"Spi-B transcription factor","6689"
"205097_at","SLC26A2",-2.61643291883117,11.1097212612613,-9.28550066638433,1.50214104990596e-15,1.55946933632389e-12,2.61643291883117,24.8772940437654,"solute carrier family 26 member 2","1836"
"220267_at","KRT24",-1.45844522402598,6.93254036036036,-9.28079391494741,1.54007834982832e-15,1.55946933632389e-12,1.45844522402598,24.8531198473387,"keratin 24","192666"
"205111_s_at","PLCE1",-1.50805773701299,8.53713135135135,-9.25917753514977,1.72696300393277e-15,1.67267629733089e-12,1.50805773701299,24.742113187776,"phospholipase C epsilon 1","51196"
"207122_x_at","SULT1A2",-1.26338183766234,8.23307108108108,-9.2278257231056,2.03892923158128e-15,1.89255110383067e-12,1.26338183766234,24.5811614866399,"sulfotransferase family 1A member 2","6799"
"206097_at","SLC67A1-AS",-1.34246337012987,8.23618990990991,-9.2022765374076,2.334279960614e-15,1.94658804262577e-12,1.34246337012987,24.4500433897301,"SLC67A1 antisense RNA","5003"
"205464_at","SCNN1B",-1.81974009415585,6.9993681981982,-9.20137165031086,2.34548900748554e-15,1.94658804262577e-12,1.81974009415585,24.445400268981,"sodium channel epithelial 1 subunit beta","6338"
"212601_at","ZZEF1",-1.32383872402598,9.38424594594595,-9.20026352147304,2.35928882483708e-15,1.94658804262577e-12,1.32383872402598,24.4397143527147,"zinc finger ZZ-type and EF-hand domain containing 1","23140"
"220723_s_at","CWH43",-1.97982425974026,8.06950828828829,-9.08037622170194,4.44832817413091e-15,3.53912166911122e-12,1.97982425974026,23.8250393909975,"cell wall biogenesis 43 C-terminal homolog","80157"
"220834_at","MS4A12",-3.48515460714286,10.8770618018018,-9.0136204552385,6.32929572528975e-15,4.69992402907599e-12,3.48515460714286,23.4832135612042,"membrane spanning 4-domains A12","54860"
"212814_at","AHCYL2",-1.79401941558442,10.6064163963964,-9.00475753607736,6.63251692574684e-15,4.76621224370523e-12,1.79401941558442,23.4378557029581,"adenosylhomocysteinase like 2","23382"
"208399_s_at","EDN3",-1.90265547077922,7.85035810810811,-8.90961583669933,1.09563528165267e-14,6.77985199149351e-12,1.90265547077922,22.9513389380914,"endothelin 3","1908"
"219909_at","MMP28",-1.16187609415585,7.19902954954955,-8.89052535672972,1.21161845499571e-14,7.29492549241604e-12,1.16187609415585,22.853807237692,"matrix metallopeptidase 28","79148"
"205125_at","PLCD1",-1.02974137012987,8.55100756756757,-8.82497999466,1.71119058836968e-14,1.00316296676609e-11,1.02974137012987,22.5191810179636,"phospholipase C delta 1","5333"
"203908_at","SLC4A4",-2.91972712012987,10.2648932432432,-8.81161069915003,1.83594335722728e-14,1.04384749058336e-11,2.91972712012987,22.4509741302581,"solute carrier family 4 member 4","8671"
"213921_at","SST",-2.16321266883117,7.98463891891892,-8.8059748289649,1.89121175843569e-14,1.04384749058336e-11,2.16321266883117,22.4222261646506,"somatostatin","6750"
"219669_at","CD177",-2.82578674675325,8.55139567567568,-8.78359806598472,2.12750137636725e-14,1.12843686098412e-11,2.82578674675325,22.3081135411181,"CD177 molecule","57126"
"208300_at","PTPRH",-1.64120432142857,8.18663702702703,-8.76382867422838,2.36061204878004e-14,1.22296173513193e-11,1.64120432142857,22.2073363001505,"protein tyrosine phosphatase receptor type H","5794"
"220026_at","CLCA4",-3.7154157987013,10.6631607207207,-8.75554826503639,2.46565797239534e-14,1.24835142388752e-11,3.7154157987013,22.1651367257357,"chloride channel accessory 4","22802"
"219799_s_at","DHRS9",-2.5439424448052,10.3298864864865,-8.73014995089869,2.81780821562722e-14,1.38684928965818e-11,2.5439424448052,22.0357398951911,"dehydrogenase/reductase 9","10170"
"206134_at","ADAMDEC1",-2.51984718831169,11.0326682882883,-8.72707437707612,2.86371896235024e-14,1.38684928965818e-11,2.51984718831169,22.0200750010865,"ADAM like decysin 1","27299"
"205290_s_at","BMP2",-1.69036955194805,9.41078585585586,-8.71755368377668,3.01061755204956e-14,1.4269686639789e-11,1.69036955194805,21.9715888848952,"bone morphogenetic protein 2","650"
"204818_at","HSD17B2",-2.64970560714286,8.99489558558558,-8.6582160235608,4.11119336376914e-14,1.90802197009761e-11,2.64970560714286,21.6696028989501,"hydroxysteroid 17-beta dehydrogenase 2","3294"
"220074_at","CDHR5",-1.58490715584416,8.16729792792793,-8.62573793656768,4.8748703182066e-14,2.17929616635121e-11,1.58490715584416,21.5044651783595,"cadherin related family member 5","53841"
"214142_at","ZG16",-3.50021471753247,11.6724200900901,-8.62509404791113,4.89135917392649e-14,2.17929616635121e-11,3.50021471753247,21.5011923845844,"zymogen granule protein 16","653808"
"213309_at","PLCL2",-1.3897062987013,8.72503963963964,-8.59266664178212,5.79774972380669e-14,2.53247981563219e-11,1.3897062987013,21.33642553058,"phospholipase C like 2","23228"
"211494_s_at","SLC4A4",-1.47920367532468,7.5253609009009,-8.55826820886544,6.94260395408324e-14,2.97423823625216e-11,1.47920367532468,21.1617679246242,"solute carrier family 4 member 4","8671"
"219722_s_at","GDPD3",-1.68391448376624,8.41000864864865,-8.45105775572026,1.21638634742891e-13,5.01804419660625e-11,1.68391448376624,20.6182638224528,"glycerophosphodiester phosphodiesterase domain containing 3","79153"
"211385_x_at","SULT1A2",-1.23331980519481,9.36713369369369,-8.43921441931509,1.29401686922097e-13,5.24123887193374e-11,1.23331980519481,20.5583063200984,"sulfotransferase family 1A member 2","6799"
"204130_at","HSD11B2",-1.98956841233766,9.67022486486487,-8.38135661563484,1.7502179018389e-13,6.78850092634986e-11,1.98956841233766,20.2656434872226,"hydroxysteroid 11-beta dehydrogenase 2","3291"
"207432_at","BEST2",-1.79492872727273,7.3720990990991,-8.38056735003918,1.75743788345556e-13,6.78850092634986e-11,1.79492872727273,20.2616539956615,"bestrophin 2","54831"
"206121_at","AMPD1",-1.12456368181818,7.30383873873874,-8.37947904981222,1.76744199725408e-13,6.78850092634986e-11,1.12456368181818,20.2561531051969,"adenosine monophosphate deaminase 1","270"
"203343_at","UGDH",-1.15077486038961,10.8906210810811,-8.37605030123019,1.79933260803724e-13,6.79385296766873e-11,1.15077486038961,20.2388232239043,"UDP-glucose 6-dehydrogenase","7358"
"217207_s_at","BTNL3",-1.40990096103896,8.35048243243243,-8.36628025970369,1.89337889766134e-13,7.02980028386695e-11,1.40990096103896,20.1894507339226,"butyrophilin like 3","10917"
"204378_at","BCAS1",-1.83415525649351,8.89736477477478,-8.36063290636773,1.94995515831434e-13,7.12117230520795e-11,1.83415525649351,20.1609175717208,"brain enriched myelin associated protein 1","8537"
"211372_s_at","IL1R2",-1.88349939285714,8.52432207207207,-8.34515012349427,2.11384267726995e-13,7.59517311637784e-11,1.88349939285714,20.0827118586517,"interleukin 1 receptor type 2","7850"
"206641_at","TNFRSF17",-1.72609534090909,8.18819621621622,-8.32531783050821,2.34394301246699e-13,8.28825690297257e-11,1.72609534090909,19.9825810854832,"TNF receptor superfamily member 17","608"
"564_at","GNA11",-1.25663406168831,9.75354990990991,-8.29359245400941,2.76493903743402e-13,9.62414795889338e-11,1.25663406168831,19.8225100741889,"G protein subunit alpha 11","2767"
"205997_at","ADAM28",-1.21925656168831,8.44140702702703,-8.27280185761103,3.08082215508941e-13,1.0398708355898e-10,1.21925656168831,19.717682881723,"ADAM metallopeptidase domain 28","10863"
"206094_x_at","UGT1A6",-2.09754993506494,9.32208297297297,-8.23974219644388,3.65864642599275e-13,1.19858332988001e-10,2.09754993506494,19.5511142999398,"UDP glucuronosyltransferase family 1 member A6","54578"
"207126_x_at","UGT1A1",-2.31626630844156,9.31729648648649,-8.22865413763462,3.87564960428012e-13,1.2505478372303e-10,2.31626630844156,19.4952813613023,"UDP glucuronosyltransferase family 1 member A1","54658"
"205757_at","ENTPD5",-1.64412230844156,7.71685216216216,-8.2259963470658,3.92953937272168e-13,1.2505478372303e-10,1.64412230844156,19.4819008092693,"ectonucleoside triphosphate diphosphohydrolase 5 (inactive)","957"
"202962_at","KIF13B",-1.20178090584416,9.45732684684685,-8.21944617932586,4.0655553863071e-13,1.25789412973282e-10,1.20178090584416,19.4489283959178,"kinesin family member 13B","23303"
"219796_s_at","CDHR5",-1.79483791558442,8.42387945945946,-8.1905601709057,4.72346249157393e-13,1.40299431899723e-10,1.79483791558442,19.3035925985886,"cadherin related family member 5","53841"
"220310_at","TUBAL3",-1.69024062662338,8.74372108108108,-8.18181110701133,4.94288354790259e-13,1.44885022100824e-10,1.69024062662338,19.2595961125219,"tubulin alpha like 3","79861"
"213766_x_at","GNA11",-1.1209704512987,10.4979106306306,-8.17194117738148,5.20260682169217e-13,1.48587784829278e-10,1.1209704512987,19.2099761776693,"G protein subunit alpha 11","2767"
"207080_s_at","PYY",-1.82009033441559,6.49741495495496,-8.16461837295935,5.40403460411162e-13,1.52386935285816e-10,1.82009033441559,19.1731706144053,"peptide YY","5697"
"212573_at","ENDOD1",-1.11694462987013,9.71818567567568,-8.14236548559397,6.06498666696263e-13,1.68887134974908e-10,1.11694462987013,19.0613715001116,"endonuclease domain containing 1","23052"
"205403_at","IL1R2",-2.18971388636364,9.39007711711712,-8.12477598679856,6.64382191037209e-13,1.80493195972389e-10,2.18971388636364,18.9730523165708,"interleukin 1 receptor type 2","7850"
"220186_s_at","CDHR2",-1.23386616883117,7.67362441441441,-8.10977518267956,7.18065895755467e-13,1.90432785235054e-10,1.23386616883117,18.897767234918,"cadherin related family member 2","54825"
"211116_at","SLC9A2",-1.44538174025974,7.42006585585586,-8.07554313107951,8.5727409968388e-13,2.19511438145492e-10,1.44538174025974,18.7260910907652,"solute carrier family 9 member A2","6549"
"204532_x_at","UGT1A9",-2.20429162012987,9.50741567567568,-8.05666651807513,9.45197687442751e-13,2.38831389944306e-10,2.20429162012987,18.6314992073182,"UDP glucuronosyltransferase family 1 member A9","54600"
"213155_at","WSCD1",-1.26804802922078,7.03406369369369,-8.05483984232221,9.54167693362806e-13,2.38831389944306e-10,1.26804802922078,18.6223485060905,"WSC domain containing 1","23302"
"214601_at","TPH1",-1.75726966233766,6.62469063063063,-8.02594367877635,1.10786192841436e-12,2.71207034937216e-10,1.75726966233766,18.4776620363662,"tryptophan hydroxylase 1","7166"
"205945_at","IL6R",-1.25082363311689,7.5711572972973,-8.01683883052537,1.16121062051139e-12,2.81177054273176e-10,1.25082363311689,18.4320998483484,"interleukin 6 receptor","3570"
"218756_s_at","DHRS11",-2.07802815584416,8.07466216216216,-7.98652470944925,1.35792479649425e-12,3.18426217805288e-10,2.07802815584416,18.2804968582353,"dehydrogenase/reductase 11","79154"
"215125_s_at","UGT1A10",-2.36924749675325,9.22197378378378,-7.97861256680227,1.41450514973449e-12,3.28238866881616e-10,2.36924749675325,18.2409516883803,"UDP glucuronosyltransferase family 1 member A10","54575"
"215657_at","SLC26A3",-1.43010014935065,8.3082263963964,-7.96143691795059,1.54552242108097e-12,3.50066000831304e-10,1.43010014935065,18.1551417316019,"solute carrier family 26 member 3","1811"
"206561_s_at","AKR1B10",-2.54809193506494,10.0395145045045,-7.96016275434354,1.55570921049958e-12,3.50066000831304e-10,2.54809193506494,18.1487778734645,"aldo-keto reductase family 1 member B10","57016"
"209950_s_at","VILL",-1.49675981493507,8.61817756756757,-7.92821133635486,1.83415933202928e-12,4.08595674396164e-10,1.49675981493507,17.9892816556529,"villin like","50853"
"202366_at","ACADS",-1.17647772727273,8.75165441441441,-7.91444530348597,1.96890079117671e-12,4.30011793382781e-10,1.17647772727273,17.9206155217914,"acyl-CoA dehydrogenase short chain","35"
"220421_at","BTNL8",-2.03518868181818,8.55023432432433,-7.90345537741777,2.08349444121868e-12,4.46288516029121e-10,2.03518868181818,17.865819399986,"butyrophilin like 8","79908"
"210174_at","NR5A2",-1.64021597077922,7.74648801801802,-7.89299676547371,2.19869525796945e-12,4.6346524222825e-10,1.64021597077922,17.8136911466286,"nuclear receptor subfamily 5 group A member 2","2494"
"40562_at","GNA11",-1.09035294805195,9.56688711711712,-7.88953613210185,2.23819055568705e-12,4.65982906626546e-10,1.09035294805195,17.7964465503135,"G protein subunit alpha 11","2767"
"206262_at","ADH1C",-2.77837352272728,10.3834653153153,-7.85308055113371,2.69957957934145e-12,5.56838280453606e-10,2.77837352272728,17.6149087616973,"alcohol dehydrogenase 1C (class I), gamma polypeptide","126"
"212448_at","NEDD4L",-1.25659311688312,8.54170765765766,-7.80955007139122,3.37570083946665e-12,6.70028319767811e-10,1.25659311688312,17.3984391735584,"NEDD4 like E3 ubiquitin protein ligase","23327"
"215299_x_at","SULT1A1",-1.32043750649351,10.6605636936937,-7.80822571151569,3.39871617065864e-12,6.70028319767811e-10,1.32043750649351,17.3918585368894,"sulfotransferase family 1A member 1","6817"
"219173_at","MYO15B",-1.4934016948052,8.55323702702703,-7.76712471959893,4.19594941599696e-12,8.12810131653602e-10,1.4934016948052,17.1877853533757,"myosin XVB","80022"
"214433_s_at","SELENBP1",-1.79864253246753,11.8279785585586,-7.75136540786577,4.5486819244153e-12,8.6607681393333e-10,1.79864253246753,17.1096178933614,"selenium binding protein 1","8991"
"218546_at","C1orf115",-1.41401783441559,10.6583703603604,-7.74719210861589,4.64692347345427e-12,8.77284018797804e-10,1.41401783441559,17.0889255087558,"chromosome 1 open reading frame 115","79762"
"207051_at","SLC17A4",-1.79445189935065,7.3215372972973,-7.71885183615199,5.37215328938117e-12,9.85235117763484e-10,1.79445189935065,16.9484904824525,"solute carrier family 17 member 4","10050"
"220435_at","SLC30A10",-1.44076453246753,7.26961162162162,-7.69458714245951,6.08167956505868e-12,1.09259335218397e-09,1.44076453246753,16.8283687080857,"solute carrier family 30 member 10","55532"
"221004_s_at","ITM2C",-1.64767693181818,11.9427977477477,-7.69296509392827,6.13229891997445e-12,1.09287378432217e-09,1.64767693181818,16.820342696797,"integral membrane protein 2C","81618"
"211253_x_at","PYY",-1.00972263311688,6.98792783783784,-7.67156353896978,6.84068618596895e-12,1.19992099342386e-09,1.00972263311688,16.7144924259949,"peptide YY","5697"
"208921_s_at","SRI",-1.04540522727273,13.0268810810811,-7.65215220998966,7.55316629853942e-12,1.30435570257801e-09,1.04540522727273,16.618560370146,"sorcin","6717"
"203685_at","BCL2",-1.2638801038961,7.67575261261261,-7.64123725563922,7.98566212172934e-12,1.36843534681357e-09,1.2638801038961,16.5646494497751,"BCL2 apoptosis regulator","596"
"220335_x_at","CES3",-1.40674384415585,9.19437666666667,-7.63378915296701,8.29481060096809e-12,1.41056103631883e-09,1.40674384415585,16.5278750300764,"carboxylesterase 3","23491"
"221841_s_at","KLF4",-1.60038900974026,11.9969910810811,-7.62728661499229,8.57440751953597e-12,1.44706118418714e-09,1.60038900974026,16.4957779849605,"KLF transcription factor 4","9314"
"205259_at","NR3C2",-1.87347510064935,9.67955900900901,-7.58491486316938,1.06398635571563e-11,1.73847175679861e-09,1.87347510064935,16.286828676816,"nuclear receptor subfamily 3 group C member 2","4306"
"220812_s_at","HHLA2",-1.15103433116883,7.42320054054054,-7.58396683751027,1.06913242663469e-11,1.73847175679861e-09,1.15103433116883,16.2821576645042,"HHLA2 member of B7 family","11148"
"205554_s_at","DNASE1L3",-1.84601307142857,7.88443009009009,-7.54690419427033,1.29089916529978e-11,2.05409719324165e-09,1.84601307142857,16.0996862492503,"deoxyribonuclease 1L3","1776"
"213036_x_at","ATP2A3",-1.68156802597403,8.94898081081081,-7.5120303332753,1.541030997799e-11,2.36755500261851e-09,1.68156802597403,15.9282427641114,"ATPase sarcoplasmic/endoplasmic reticulum Ca2+ transporting 3","489"
"205074_at","SLC22A5",-1.23060746753247,7.85498117117117,-7.46916123161225,1.91522499867316e-11,2.86345418090215e-09,1.23060746753247,15.7178347314934,"solute carrier family 22 member 5","6584"
"203963_at","CA12",-2.05323825324676,11.4969142342342,-7.45895308082943,2.01686466164299e-11,2.99531293782806e-09,2.05323825324676,15.6677877916546,"carbonic anhydrase 12","771"
"216699_s_at","KLK1",-1.20303875974026,9.94684207207207,-7.45246379638598,2.08424002243717e-11,3.07487516422734e-09,1.20303875974026,15.6359844814328,"kallikrein 1","3816"
"214598_at","CLDN8",-2.91110308441559,8.05188810810811,-7.42349294696833,2.4133101908496e-11,3.51801902701133e-09,2.91110308441559,15.4941097272034,"claudin 8","9073"
"203615_x_at","SULT1A1",-1.20135018181818,10.2033636036036,-7.41160225023619,2.5628417720813e-11,3.68338233268743e-09,1.20135018181818,15.4359307786997,"sulfotransferase family 1A member 1","6817"
"202242_at","TSPAN7",-1.71904630844156,8.17581666666667,-7.38397710486393,2.94665315666331e-11,4.10007207047355e-09,1.71904630844156,15.3008834093981,"tetraspanin 7","7102"
"202888_s_at","ANPEP",-2.4501173474026,9.04301621621622,-7.38382836420582,2.94886678416322e-11,4.10007207047355e-09,2.4501173474026,15.3001567273619,"alanyl aminopeptidase, membrane","290"
"208450_at","LGALS2",-1.66348144805195,9.13823720720721,-7.34350566001396,3.61403616735126e-11,4.87938689091418e-09,1.66348144805195,15.1033358748458,"galectin 2","3957"
"209301_at","CA2",-2.7334285487013,11.4493617117117,-7.33118023506316,3.84560048510758e-11,5.12984682675099e-09,2.7334285487013,15.0432452074594,"carbonic anhydrase 2","760"
"219866_at","CLIC5",-1.3301548961039,9.09105504504505,-7.30956701851141,4.28771147198921e-11,5.61866755655903e-09,1.3301548961039,14.9379551100533,"chloride intracellular channel 5","53405"
"214679_x_at","GNA11",-1.03977596103896,8.99566216216216,-7.30203309855397,4.45337677837975e-11,5.76789967976545e-09,1.03977596103896,14.9012777858318,"G protein subunit alpha 11","2767"
"219045_at","RHOF",-1.17625060714286,7.88877027027027,-7.28865412054822,4.76335705336255e-11,6.13371705651777e-09,1.17625060714286,14.8361765903195,"ras homolog family member F, filopodia associated","54509"
"205200_at","CLEC3B",-1.88794727597403,8.58254954954955,-7.28201953294766,4.92491428758545e-11,6.26927517625948e-09,1.88794727597403,14.8039081887254,"C-type lectin domain family 3 member B","7123"
"220724_at","CWH43",-1.41564545779221,6.28422612612613,-7.27976968770646,4.98092361802516e-11,6.29397950159401e-09,1.41564545779221,14.7929679717338,"cell wall biogenesis 43 C-terminal homolog","80157"
"59375_at","MYO15B",-1.19255401298701,8.54168585585586,-7.2514170370014,5.74326704627986e-11,7.14764022290371e-09,1.19255401298701,14.6551980989125,"myosin XVB","80022"
"217995_at","SQOR",-1.09573840909091,12.3888859459459,-7.22697286829881,6.49260464362573e-11,7.86063878511144e-09,1.09573840909091,14.5365689692286,"sulfide quinone oxidoreductase","58472"
"206199_at","CEACAM7",-2.54828367857143,12.4649154054054,-7.21700475274932,6.82528768174928e-11,8.21875317223399e-09,2.54828367857143,14.4882329925106,"CEA cell adhesion molecule 7","1087"
"206576_s_at","CEACAM1",-2.05030603896104,9.68375954954955,-7.17296690853539,8.50900694176065e-11,1.00293728910901e-08,2.05030603896104,14.27497102012,"CEA cell adhesion molecule 1","634"
"219194_at","SEMA4G",-1.03997084090909,8.63422711711712,-7.16200994014599,8.98822330732066e-11,1.05384552956412e-08,1.03997084090909,14.2219813900533,"semaphorin 4G","57715"
"213407_at","PHLPP2",-1.24027654545455,9.17368144144144,-7.15356714208871,9.37563174975362e-11,1.08218108025524e-08,1.24027654545455,14.1811703447843,"PH domain and leucine rich repeat protein phosphatase 2","23035"
"205019_s_at","VIPR1",-1.62393966233766,9.34631621621622,-7.15108369366122,9.49270426193611e-11,1.08304116726327e-08,1.62393966233766,14.1691690463351,"vasoactive intestinal peptide receptor 1","7433"
"202488_s_at","FXYD3",-1.66640677922078,10.6417699099099,-7.14997287144123,9.54553726441214e-11,1.08304116726327e-08,1.66640677922078,14.1638014644115,"FXYD domain containing ion transport regulator 3","5349"
"220468_at","ARL14",-2.17597216883117,9.73351369369369,-7.14930273107554,9.57755128387412e-11,1.08304116726327e-08,2.17597216883117,14.1605634365601,"ARF like GTPase 14","80117"
"217546_at","MT1M",-2.64459406168831,9.46600783783784,-7.13424455440317,1.03256271800243e-10,1.150119983447e-08,2.64459406168831,14.0878330164294,"metallothionein 1M","4499"
"204508_s_at","CA12",-1.75787837987013,9.01184171171171,-7.12606427643129,1.07559830173617e-10,1.18619323602854e-08,1.75787837987013,14.048345667916,"carbonic anhydrase 12","771"
"35148_at","TJP3",-1.45914863311688,9.3626263963964,-7.12316434787506,1.09127719195841e-10,1.19755576380579e-08,1.45914863311688,14.0343512227565,"tight junction protein 3","27134"
"220357_s_at","SGK2",-1.20053543506494,8.56883882882883,-7.12055091064686,1.10560093113871e-10,1.20732705602828e-08,1.20053543506494,14.0217410842496,"serum/glucocorticoid regulated kinase 2","10110"
"215867_x_at","CA12",-1.91515926298702,10.1948422522523,-7.11675268959711,1.1267508090087e-10,1.22442086694082e-08,1.91515926298702,14.0034172043195,"carbonic anhydrase 12","771"
"206143_at","SLC26A3",-2.33879668181818,12.7921407207207,-7.07883705825968,1.36111891034426e-10,1.45079645769087e-08,2.33879668181818,13.8206942766129,"solute carrier family 26 member 3","1811"
"215028_at","SEMA6A",-1.42119038311689,7.1798445045045,-7.07089030331675,1.41604698034968e-10,1.4879848387382e-08,1.42119038311689,13.7824424741278,"semaphorin 6A","57556"
"213412_at","TJP3",-1.08893195454545,8.45117837837838,-7.03281572465536,1.71121793985761e-10,1.74866064432146e-08,1.08893195454545,13.5993898773895,"tight junction protein 3","27134"
"204034_at","ETHE1",-1.33208418831169,11.6199120720721,-7.00632478365746,1.95175250378091e-10,1.94103529137175e-08,1.33208418831169,13.4722452088541,"ETHE1 persulfide dioxygenase","23474"
"213629_x_at","MT1F",-1.70161521753247,10.9217996396396,-6.97753120495268,2.25124454206769e-10,2.2092940380459e-08,1.70161521753247,13.3342533943108,"metallothionein 1F","4494"
"221122_at","PLAAT2",-1.30678707792208,7.4114163963964,-6.96938520996914,2.34393756321539e-10,2.28471815221765e-08,1.30678707792208,13.2952531129287,"phospholipase A and acyltransferase 2","54979"
"211883_x_at","CEACAM1",-1.57536148376624,9.73399612612613,-6.92890217450374,2.86366849417335e-10,2.73793746972961e-08,1.57536148376624,13.1016918960838,"CEA cell adhesion molecule 1","634"
"203058_s_at","PAPSS2",-1.33780750649351,11.0854204504505,-6.90060433439898,3.29314671137962e-10,3.04166399756516e-08,1.33780750649351,12.9666493999354,"3'-phosphoadenosine 5'-phosphosulfate synthase 2","9060"
"211848_s_at","CEACAM7",-2.28649775974026,9.28097612612613,-6.89256392259747,3.42640164488215e-10,3.09028135396922e-08,2.28649775974026,12.9283181789812,"CEA cell adhesion molecule 7","1087"
"202838_at","FUCA1",-1.09059533116883,12.0261382882883,-6.87650141031094,3.70878280360889e-10,3.26563456584962e-08,1.09059533116883,12.8517952204751,"alpha-L-fucosidase 1","2517"
"214164_x_at","CA12",-1.72623076623377,10.5677517117117,-6.85659426722487,4.09087034084708e-10,3.57381641502158e-08,1.72623076623377,12.7570532701045,"carbonic anhydrase 12","771"
"220192_x_at","SPDEF",-1.08280115584416,7.77993666666667,-6.84775106490587,4.27285346744033e-10,3.67514890711074e-08,1.08280115584416,12.7150014464248,"SAM pointed domain containing ETS transcription factor","25803"
"220041_at","PIGZ",-1.45875044805195,9.89026891891892,-6.83805661474092,4.48156219328336e-10,3.78165761287021e-08,1.45875044805195,12.6689263566971,"phosphatidylinositol glycan anchor biosynthesis class Z","80235"
"213624_at","SMPDL3A",-1.38378633441559,10.7976282882883,-6.83597745551794,4.52761998292792e-10,3.79179663006335e-08,1.38378633441559,12.6590480441569,"sphingomyelin phosphodiesterase acid like 3A","10924"
"211889_x_at","CEACAM1",-1.48695749025974,9.6710327027027,-6.82846022686794,4.69808217335466e-10,3.87626579910451e-08,1.48695749025974,12.6233428173858,"CEA cell adhesion molecule 1","634"
"213509_x_at","CES2",-1.49896294805195,10.7928415315315,-6.8100069574308,5.14391412796572e-10,4.21290349370192e-08,1.49896294805195,12.5357600735727,"carboxylesterase 2","8824"
"212859_x_at","MT1E",-1.4416551461039,12.2336366666667,-6.79010309648715,5.67174997410115e-10,4.5613564683412e-08,1.4416551461039,12.4413988747513,"metallothionein 1E","4493"
"209373_at","MALL",-1.58716587012987,10.6090963963964,-6.78724030382604,5.7519490195448e-10,4.59269420460213e-08,1.58716587012987,12.427835934692,"mal, T cell differentiation protein like","7851"
"220645_at","NXPE4",-2.24558649350649,9.94440513513513,-6.7852048481162,5.80965177931219e-10,4.62220045313349e-08,2.24558649350649,12.4181940372327,"neurexophilin and PC-esterase domain family member 4","54827"
"209667_at","CES2",-1.52357652597403,11.5448242342342,-6.76348124105518,6.46228282147928e-10,5.06902374697514e-08,1.52357652597403,12.3153626902806,"carboxylesterase 2","8824"
"203001_s_at","STMN2",-1.49350302597403,7.38421045045045,-6.73584614427434,7.3981322667329e-10,5.67482663528803e-08,1.49350302597403,12.1847422446111,"stathmin 2","11075"
"205112_at","PLCE1",-1.51746628571429,8.35053342342342,-6.73543799874844,7.41291264922933e-10,5.67482663528803e-08,1.51746628571429,12.1828147338543,"phospholipase C epsilon 1","51196"
"205414_s_at","ARHGAP44",-1.24959778571429,7.65559828828829,-6.72072559214236,7.96563877050293e-10,6.01527236916928e-08,1.24959778571429,12.1133657975114,"Rho GTPase activating protein 44","9912"
"210641_at","CAPN9",-1.00423666883117,6.65418153153153,-6.70791246680175,8.48006330106963e-10,6.28710326494876e-08,1.00423666883117,12.0529331674627,"calpain 9","10753"
"219450_at","PGCKA1",-1.47158675649351,8.93042621621622,-6.70553161712099,8.57920439337804e-10,6.30755565251757e-08,1.47158675649351,12.0417092170321,"PDCD10 and GCKIII kinases associated 1","55286"
"219195_at","PPARGC1A",-1.05455591883117,8.00624324324324,-6.70128880308163,8.75872697145943e-10,6.39731674567875e-08,1.05455591883117,12.0217115579725,"PPARG coactivator 1 alpha","10891"
"203060_s_at","PAPSS2",-1.18653252922078,11.7205506306306,-6.67514622442186,9.94969205123556e-10,7.24344084396649e-08,1.18653252922078,11.8986095436787,"3'-phosphoadenosine 5'-phosphosulfate synthase 2","9060"
"204719_at","ABCA8",-2.21863120454546,8.45638801801802,-6.66219807137648,1.05974638406937e-09,7.64011980514994e-08,2.21863120454546,11.837712589044,"ATP binding cassette subfamily A member 8","10351"
"219014_at","PLAC8",-2.05566630519481,11.8949701801802,-6.6579412218116,1.08193937348213e-09,7.77495594292306e-08,2.05566630519481,11.8177028367754,"placenta associated 8","51316"
"204895_x_at","MUC4",-1.73614328246753,8.63896171171171,-6.65573618753858,1.09361515382559e-09,7.82782761765602e-08,1.73614328246753,11.8073399564042,"mucin 4, cell surface associated","4585"
"217110_s_at","MUC4",-2.00388012662338,9.10003054054054,-6.65071851290703,1.12064993740109e-09,7.92530750967745e-08,2.00388012662338,11.7837640278042,"mucin 4, cell surface associated","4585"
"214765_s_at","NAAA",-1.35650573376624,8.76271783783784,-6.64875874747029,1.13138734314208e-09,7.97592273518228e-08,1.35650573376624,11.7745579466867,"N-acylethanolamine acid amidase","27163"
"218657_at","RAPGEFL1",-1.2037553474026,8.39686945945946,-6.64574482486694,1.14809903797897e-09,8.04283090221933e-08,1.2037553474026,11.7604021425079,"Rap guanine nucleotide exchange factor like 1","51195"
"206385_s_at","ANK3",-1.16738167207792,10.2426743243243,-6.63997131793502,1.18079599562434e-09,8.19457706994502e-08,1.16738167207792,11.7332926516495,"ankyrin 3","288"
"215672_s_at","AHCYL2",-1.21249603246753,7.54625810810811,-6.62845598914789,1.24878164101645e-09,8.53346890089674e-08,1.21249603246753,11.6792521141339,"adenosylhomocysteinase like 2","23382"
"213119_at","SLC36A1",-1.06057851948052,8.36234045045045,-6.61708363534341,1.31971428254324e-09,8.963193619578e-08,1.06057851948052,11.6259214770495,"solute carrier family 36 member 1","206358"
"203240_at","FCGBP",-2.47988262987013,12.1875853153153,-6.61045822928154,1.36285823950138e-09,9.22808297914053e-08,2.47988262987013,11.594869546962,"Fc gamma binding protein","8857"
"209607_x_at","SULT1A3",-1.10963906493507,9.50039972972973,-6.5995128608483,1.4372046942682e-09,9.59257946154192e-08,1.10963906493507,11.543599812888,"sulfotransferase family 1A member 3","6818"
"207522_s_at","ATP2A3",-1.75258336363636,8.29416216216216,-6.59634036545023,1.45949289359431e-09,9.67652475910727e-08,1.75258336363636,11.5287461396535,"ATPase sarcoplasmic/endoplasmic reticulum Ca2+ transporting 3","489"
"210609_s_at","TP53I3",-1.23858777272727,9.75361216216216,-6.59515567425002,1.4679031200089e-09,9.70340587668791e-08,1.23858777272727,11.5232001783071,"tumor protein p53 inducible protein 3","9540"
"212741_at","MAOA",-1.33755562337662,11.9515320720721,-6.59409469531032,1.47547571503863e-09,9.72460724967913e-08,1.33755562337662,11.5182337190457,"monoamine oxidase A","4128"
"209605_at","TST",-1.31535465584416,12.1222383783784,-6.5838884149683,1.5503207877276e-09,1.01425576328324e-07,1.31535465584416,11.4704754073249,"thiosulfate sulfurtransferase","7263"
"205382_s_at","CFD",-1.84325282467533,10.2735588288288,-6.58359215215963,1.55254843686128e-09,1.01425576328324e-07,1.84325282467533,11.4690895757121,"complement factor D","1675"
"204607_at","HMGCS2",-2.22354267207793,10.9797023423423,-6.56255002885942,1.71912252040006e-09,1.10365684112254e-07,2.22354267207793,11.3707291198198,"3-hydroxy-3-methylglutaryl-CoA synthase 2","3158"
"203000_at","STMN2",-1.39551665584416,7.87568828828829,-6.56113486965818,1.73093812976062e-09,1.10804910105395e-07,1.39551665584416,11.3641188846169,"stathmin 2","11075"
"217109_at","MUC4",-2.46860416883117,9.57493153153153,-6.55766482073247,1.7602510766452e-09,1.12037466384072e-07,2.46860416883117,11.3479128231932,"mucin 4, cell surface associated","4585"
"210580_x_at","SULT1A3",-1.00798226948052,10.8473654954955,-6.53174897125482,1.99523108695537e-09,1.2555865232798e-07,1.00798226948052,11.2269962006309,"sulfotransferase family 1A member 3","6818"
"211916_s_at","MYO1A",-1.65692956168831,8.50098702702703,-6.52349300126963,2.07639941338465e-09,1.29932443067331e-07,1.65692956168831,11.1885196726606,"myosin IA","4640"
"204529_s_at","TOX",-1.03950973701299,6.99110792792793,-6.51275377507638,2.18687583081836e-09,1.3608109743894e-07,1.03950973701299,11.1385018204644,"thymocyte selection associated high mobility group box","9760"
"221610_s_at","STAP2",-1.43334531818182,9.84656864864865,-6.50166655408962,2.30701805366788e-09,1.42759558837665e-07,1.43334531818182,11.0869010100471,"signal transducing adaptor family member 2","55620"
"207222_at","PLA2G10",-1.56500728246753,8.9629245945946,-6.46603710313156,2.73893639905349e-09,1.65353079029037e-07,1.56500728246753,10.9213407419063,"phospholipase A2 group X","8399"
"205267_at","POU2AF1",-1.81003147727273,9.32769369369369,-6.44604779948257,3.01524240437396e-09,1.79121480112637e-07,1.81003147727273,10.8286324220968,"POU class 2 homeobox associating factor 1","5450"
"213317_at","CLIC5",-1.47563233766234,9.67084774774775,-6.42268165705533,3.37322788958841e-09,1.96202082758123e-07,1.47563233766234,10.7204250591294,"chloride intracellular channel 5","53405"
"207259_at","ANKRD40CL",-1.59306418831169,8.42652648648649,-6.41754507179452,3.45737645643353e-09,2.00051883947973e-07,1.59306418831169,10.6966614142627,"ANKRD40 C-terminal like","55018"
"204745_x_at","MT1G",-1.56813487662338,11.721091981982,-6.41445929310397,3.50892038569751e-09,2.02508340497885e-07,1.56813487662338,10.68238962703,"metallothionein 1G","4495"
"202741_at","PRKACB",-1.14557517857143,11.3912521621622,-6.39551035295946,3.84247109982029e-09,2.16705642254928e-07,1.14557517857143,10.5948182196743,"protein kinase cAMP-activated catalytic subunit beta","5567"
"206577_at","VIP",-2.00503487662338,7.83303396396396,-6.3846545034325,4.04745478324106e-09,2.24850748644042e-07,2.00503487662338,10.5447013143131,"vasoactive intestinal peptide","7432"
"207761_s_at","TMT1A",-1.13701378246753,11.7956732432432,-6.37945540144959,4.14940864255435e-09,2.28547328519231e-07,1.13701378246753,10.5207129100968,"thiol methyltransferase 1A","25840"
"206461_x_at","MT1H",-1.41471918831169,11.8315623423423,-6.37917227263224,4.15503290614932e-09,2.28547328519231e-07,1.41471918831169,10.5194068221711,"metallothionein 1H","4496"
"221042_s_at","CLMN",-1.1397909448052,8.21584324324324,-6.36712089015286,4.40152867501043e-09,2.40916103914514e-07,1.1397909448052,10.4638376129647,"calmin","79789"
"208920_at","SRI",-1.26055878571429,9.18139441441441,-6.36545998601526,4.43661183480825e-09,2.42241180990254e-07,1.26055878571429,10.4561828961814,"sorcin","6717"
"209668_x_at","CES2",-1.4603267987013,10.7484592792793,-6.338083046428,5.05624982264946e-09,2.70764608892216e-07,1.4603267987013,10.3301406139803,"carboxylesterase 2","8824"
"204248_at","GNA11",-1.06606590909091,8.64637585585586,-6.33127078469403,5.22324339927378e-09,2.7638525702048e-07,1.06606590909091,10.2988159683399,"G protein subunit alpha 11","2767"
"205892_s_at","FABP1",-1.81198133766234,13.6575221621622,-6.30771842345421,5.8435843307764e-09,3.03444121530783e-07,1.81198133766234,10.1906354856318,"fatty acid binding protein 1","2168"
"220376_at","LRRC19",-2.0402787435065,9.06850981981982,-6.30011326889019,6.0589960205367e-09,3.12439281652472e-07,2.0402787435065,10.1557434119993,"leucine rich repeat containing 19","64922"
"219948_x_at","UGT2A3",-1.97151007142857,8.17868828828829,-6.29157703830739,6.31011082581241e-09,3.23894790015261e-07,1.97151007142857,10.1166028898088,"UDP glucuronosyltransferase family 2 member A3","79799"
"200884_at","CKB",-1.42628978896104,11.8598085585586,-6.26775822765159,7.06631794336334e-09,3.53699800555246e-07,1.42628978896104,10.0075191688962,"creatine kinase B","1152"
"217165_x_at","MT1F",-1.52958883766234,10.7451404504505,-6.26731216365042,7.08129959364545e-09,3.53699800555246e-07,1.52958883766234,10.0054781610208,"metallothionein 1F","4494"
"220951_s_at","A1CF",-1.28079006818182,9.60185945945946,-6.24935666304535,7.71105759336973e-09,3.77536769247247e-07,1.28079006818182,9.92337767308568,"APOBEC1 complementation factor","29974"
"220082_at","PPP1R14D",-1.3862921461039,9.14434954954955,-6.239554519286,8.07781118052432e-09,3.93762362513217e-07,1.3862921461039,9.87860469966357,"protein phosphatase 1 regulatory inhibitor subunit 14D","54866"
"33304_at","ISG20",-1.03171952922078,9.08270648648649,-6.23254222787083,8.35067232499793e-09,4.05289602143745e-07,1.03171952922078,9.84659520289304,"interferon stimulated exonuclease gene 20","3669"
"210107_at","CLCA1",-2.57194607792208,11.692281981982,-6.21490594110848,9.07771361921386e-09,4.33028321831321e-07,2.57194607792208,9.76616493417961,"chloride channel accessory 1","1179"
"206637_at","P2RY14",-1.4083801461039,8.23847405405405,-6.20360569271474,9.57596773493255e-09,4.53880496236367e-07,1.4083801461039,9.71468705907614,"purinergic receptor P2Y14","9934"
"210739_x_at","SLC4A4",-1.05166134090909,7.93812720720721,-6.1886970489103,1.02747317159227e-08,4.80861761419348e-07,1.05166134090909,9.64683960670779,"solute carrier family 4 member 4","8671"
"222294_s_at","RAB27A",-1.06233589935065,10.1740071171171,-6.15886887090104,1.18268813002379e-08,5.36593553412221e-07,1.06233589935065,9.51133005100436,"RAB27A, member RAS oncogene family","5873"
"208063_s_at","CAPN9",-1.02175978246753,6.68078540540541,-6.15552954287496,1.20144055530005e-08,5.42890289055158e-07,1.02175978246753,9.49617907433717,"calpain 9","10753"
"202742_s_at","PRKACB",-1.14441015909091,8.94185882882883,-6.1300911612735,1.35423190088861e-08,5.98457950646035e-07,1.14441015909091,9.38089221498372,"protein kinase cAMP-activated catalytic subunit beta","5567"
"204036_at","LPAR1",-1.39825080194805,8.74818108108108,-6.11328113739949,1.46553451734579e-08,6.37650633650629e-07,1.39825080194805,9.30483635183282,"lysophosphatidic acid receptor 1","1902"
"202712_s_at","CKMT1B",-1.54590238636364,10.4921989189189,-6.10317138188832,1.53675915912579e-08,6.60895439919792e-07,1.54590238636364,9.25914447132155,"creatine kinase, mitochondrial 1B","1159"
"219508_at","GCNT3",-1.90688406818182,10.0696862162162,-6.09767683219737,1.57688682680301e-08,6.71669365978787e-07,1.90688406818182,9.23432690809713,"glucosaminyl (N-acetyl) transferase 3, mucin type","9245"
"215894_at","PTGDR",-1.17544496103896,6.55705054054054,-6.09622165558371,1.58768582654097e-08,6.7382069506692e-07,1.17544496103896,9.22775605743143,"prostaglandin D2 receptor","5729"
"215100_at","ADTRP",-1.13569727597403,7.38395306306306,-6.08321217282919,1.68752122618746e-08,7.13337957415142e-07,1.13569727597403,9.16904591908704,"androgen dependent TFPI regulating protein","84830"
"204687_at","PARM1",-1.28800387337662,9.00553315315315,-6.04994207616237,1.97180051036669e-08,8.08946592439018e-07,1.28800387337662,9.01918346113108,"prostate androgen-regulated mucin-like protein 1","25849"
"220180_at","CCDC68",-1.17481464935065,8.25701108108108,-6.00221671078737,2.46351804440496e-08,9.78249402410148e-07,1.17481464935065,8.80492204863112,"coiled-coil domain containing 68","80323"
"204388_s_at","MAOA",-1.39392823376624,10.305028018018,-5.99911830458552,2.49931472237472e-08,9.87185001247192e-07,1.39392823376624,8.79104120634431,"monoamine oxidase A","4128"
"206000_at","MEP1A",-1.82049380844156,10.2786759459459,-5.99037175861113,2.60314872538712e-08,1.01916246318891e-06,1.82049380844156,8.75187616657568,"meprin A subunit alpha","4224"
"209613_s_at","ADH1B",-2.46052708766234,8.97609990990991,-5.9692214356078,2.87208419761609e-08,1.11170831804336e-06,2.46052708766234,8.65728890733984,"alcohol dehydrogenase 1B (class I), beta polypeptide","125"
"216336_x_at","MT1E",-1.17443451298701,11.4691452252252,-5.96242570646172,2.96415820845667e-08,1.13715191594771e-06,1.17443451298701,8.62693334477905,"metallothionein 1E","4493"
"207601_at","SULT1B1",-1.25685751948052,8.07662081081081,-5.96096693015858,2.98429797139393e-08,1.1422887613186e-06,1.25685751948052,8.6204194811078,"sulfotransferase family 1B member 1","27284"
"211456_x_at","MT1HL1",-1.05586102272727,11.6804606306306,-5.91837913374828,3.63535947376857e-08,1.35426259192546e-06,1.05586102272727,8.43061031724027,"metallothionein 1H like 1","645745"
"204272_at","LGALS4",-1.4101859448052,13.3594277477477,-5.9107154749156,3.76651043733691e-08,1.39844255020924e-06,1.4101859448052,8.39652810663481,"galectin 4","3960"
"209398_at","H1-2",-1.05913136038961,8.87247963963964,-5.89154996227813,4.11519163602327e-08,1.50779809335017e-06,1.05913136038961,8.31139366918775,"H1.2 linker histone, cluster member","3006"
"213953_at","KRT20",-1.88605125324675,12.3046388288288,-5.88547859086844,4.23212405743971e-08,1.54809569175016e-06,1.88605125324675,8.28445397346445,"keratin 20","54474"
"209498_at","CEACAM1",-1.57371993506494,11.6057275675676,-5.86664057905046,4.61610496041605e-08,1.66666078125103e-06,1.57371993506494,8.20095802096615,"CEA cell adhesion molecule 1","634"
"205289_at","BMP2",-1.08185521103896,8.91115099099099,-5.86060465540092,4.74622703075704e-08,1.69986655247869e-06,1.08185521103896,8.17423428791475,"bone morphogenetic protein 2","650"
"201427_s_at","SELENOP",-1.01249035714286,13.2323940540541,-5.85785847743614,4.80661504914261e-08,1.71873135553371e-06,1.01249035714286,8.16208046138619,"selenoprotein P","6414"
"213017_at","ABHD3",-1.05246919155844,9.73479927927928,-5.84873971108895,5.01259896790297e-08,1.78095163011123e-06,1.05246919155844,8.12174458223889,"abhydrolase domain containing 3, phospholipase","171586"
"210397_at","DEFB1",-1.44504687987013,7.71427261261261,-5.83632113738221,5.30712361234512e-08,1.87364172285598e-06,1.44504687987013,8.06686507198904,"defensin beta 1","1672"
"202350_s_at","MATN2",-1.42186831818182,9.63578684684685,-5.81716609860977,5.79503858060157e-08,2.02005160204854e-06,1.42186831818182,7.98233584300042,"matrilin 2","4147"
"203559_s_at","AOC1",-1.91280401623377,10.4227966666667,-5.80983253478598,5.99327407040677e-08,2.07639450181107e-06,1.91280401623377,7.95001218783661,"amine oxidase copper containing 1","26"
"218035_s_at","RBM47",-1.08446102922078,12.1442121621622,-5.80528971873858,6.1193957965234e-08,2.10048967887753e-06,1.08446102922078,7.92999988355867,"RNA binding motif protein 47","54502"
"202266_at","TDP2",-1.04406209415585,11.8892132432432,-5.80493612485875,6.12932117338937e-08,2.10065981199377e-06,1.04406209415585,7.92844255488858,"tyrosyl-DNA phosphodiesterase 2","51567"
"209515_s_at","RAB27A",-1.05657577597403,10.1868962162162,-5.79742289425711,6.34399274923958e-08,2.15434644016479e-06,1.05657577597403,7.8953639552578,"RAB27A, member RAS oncogene family","5873"
"206084_at","PTPRR",-1.07610753896104,6.76617108108108,-5.78254813912421,6.79099819926248e-08,2.27835944103871e-06,1.07610753896104,7.82994142647055,"protein tyrosine phosphatase receptor type R","5801"
"221091_at","INSL5",-1.73254331493507,7.11252972972973,-5.71309053344913,9.32226850965871e-08,3.03614291797759e-06,1.73254331493507,7.52563686559822,"insulin like 5","10022"
"213839_at","CLMN",-1.20118868506494,9.20681126126126,-5.6621438206787,1.17467491705197e-07,3.6856666376291e-06,1.20118868506494,7.30369091980642,"calmin","79789"
"204750_s_at","DSC2",-1.369815,7.79634216216216,-5.6608535032933,1.18155673639756e-07,3.69684542369782e-06,1.369815,7.29808375505431,"desmocollin 2","1824"
"201739_at","SGK1",-1.20501623051948,11.4045827927928,-5.64087651344956,1.29328495874883e-07,3.97174309058341e-06,1.20501623051948,7.21136135927063,"serum/glucocorticoid regulated kinase 1","6446"
"207392_x_at","UGT2B15",-1.82965236688312,8.69136468468468,-5.63057788797958,1.35486488390615e-07,4.1345650710654e-06,1.82965236688312,7.16671939033292,"UDP glucuronosyltransferase family 2 member B15","7366"
"205929_at","GPA33",-1.50144546428572,11.24108,-5.61585775793994,1.44790026569262e-07,4.34971001573784e-06,1.50144546428572,7.10298907755738,"glycoprotein A33","10223"
"209074_s_at","FAM107A",-1.08126068506494,6.62690747747748,-5.59832904574948,1.56687606487879e-07,4.64784262281021e-06,1.08126068506494,7.02721900259882,"family with sequence similarity 107 member A","11170"
"219543_at","PBLD",-1.30292778246753,10.2402228828829,-5.58784031902126,1.64259494186057e-07,4.82302544724756e-06,1.30292778246753,6.98194276039025,"phenazine biosynthesis like protein domain containing","64081"
"212827_at","IGHM",-1.52969981168831,7.64634900900901,-5.58012752528888,1.70055017162221e-07,4.96502702139292e-06,1.52969981168831,6.94867928743868,"immunoglobulin heavy constant mu","3507"
"209374_s_at","IGHM",-1.56541512987013,10.2120982882883,-5.56683017390012,1.80520777053799e-07,5.21590317824575e-06,1.56541512987013,6.89139085417166,"immunoglobulin heavy constant mu","3507"
"217022_s_at","IGH",-1.47788341883117,13.9540026126126,-5.56154240171394,1.84855646105951e-07,5.32014469687704e-06,1.47788341883117,6.86863089924058,"immunoglobulin heavy locus","3492"
"209485_s_at","OSBPL1A",-1.07567868181818,8.96312144144144,-5.55847773454706,1.87414533921697e-07,5.3627051385433e-06,1.07567868181818,6.85544528762393,"oxysterol binding protein like 1A","114876"
"205660_at","OASL",-1.13981276948052,8.38478441441441,-5.55582741914891,1.8965540431143e-07,5.40967150044266e-06,1.13981276948052,6.84404567698682,"2'-5'-oligoadenylate synthetase like","8638"
"204389_at","MAOA",-1.14497399675325,8.66649927927928,-5.55145053733622,1.93413690552199e-07,5.4957612046318e-06,1.14497399675325,6.82522635475062,"monoamine oxidase A","4128"
"214696_at","MIR22HG",-1.0743087012987,9.75331369369369,-5.54095307277463,2.02727297407983e-07,5.70942604849258e-06,1.0743087012987,6.78012409160617,"MIR22 host gene","84981"
"213106_at","ATP8A1",-1.25164770779221,9.45404972972973,-5.53953634631523,2.04017419770558e-07,5.73850512655142e-06,1.25164770779221,6.77404079767217,"ATPase phospholipid transporting 8A1","10396"
"207245_at","UGT2B17",-2.86152042857143,10.7670240540541,-5.52308416779032,2.19600972658457e-07,6.13808139010346e-06,2.86152042857143,6.70346055286348,"UDP glucuronosyltransferase family 2 member B17","7367"
"212592_at","JCHAIN",-1.56129422402598,12.6059265765766,-5.52142911476145,2.21231702552581e-07,6.16818352661307e-06,1.56129422402598,6.6963668626382,"joining chain of multimeric IgA and IgM","3512"
"208596_s_at","UGT1A3",-1.62303282142857,8.02882063063063,-5.51744731686517,2.25203713948659e-07,6.26324985722133e-06,1.62303282142857,6.67930545658519,"UDP glucuronosyltransferase family 1 member A3","54659"
"220030_at","STYK1",-1.38667225649351,8.06808396396396,-5.50598605489558,2.37030596602354e-07,6.55127866068319e-06,1.38667225649351,6.63023437406785,"serine/threonine/tyrosine kinase 1","55359"
"209612_s_at","ADH1B",-2.11665882792208,8.63249045045045,-5.46662890878819,2.82458269821124e-07,7.59025678746101e-06,2.11665882792208,6.46216758585215,"alcohol dehydrogenase 1B (class I), beta polypeptide","125"
"206093_x_at","TNXA",-1.29134383116883,8.14900576576577,-5.45457340946302,2.98004564706991e-07,7.9600092181986e-06,1.29134383116883,6.41082413585122,"tenascin XA (pseudogene)","7146"
"206340_at","NR1H4",-1.15467246428572,7.27853054054054,-5.45279225424234,3.00371342732428e-07,8.013619643174e-06,1.15467246428572,6.40324381388716,"nuclear receptor subfamily 1 group H member 4","9971"
"213451_x_at","TNXA",-1.34151716558442,7.94800981981982,-5.39666699666133,3.85135816571954e-07,9.76071738995839e-06,1.34151716558442,6.16511131602934,"tenascin XA (pseudogene)","7146"
"205185_at","SPINK5",-1.53626458116883,9.02718414414414,-5.38907281654291,3.98268449917641e-07,1.00364550439087e-05,1.53626458116883,6.13299923907705,"serine peptidase inhibitor Kazal type 5","11005"
"217771_at","GOLM1",-1.14778878896104,11.4479375675676,-5.38144553710371,4.11898726089954e-07,1.03099639562988e-05,1.14778878896104,6.10077355737699,"golgi membrane protein 1","51280"
"206100_at","CPM",-1.20011389935065,7.7462254954955,-5.37388424954905,4.25860856826588e-07,1.05762567530946e-05,1.20011389935065,6.06885282481851,"carboxypeptidase M","1368"
"212925_at","MISP",-1.12976683116883,10.9408400900901,-5.36594075458325,4.41026983246495e-07,1.09163978953135e-05,1.12976683116883,6.035346650788,"mitotic spindle positioning","126353"
"207251_at","MEP1B",-1.14780674675325,6.28367414414414,-5.31151743162884,5.60098987934636e-07,1.33590205077301e-05,1.14780674675325,5.80656485089287,"meprin A subunit beta","4225"
"216333_x_at","TNXB",-1.28474222077922,8.08635612612613,-5.29689952751279,5.97101757666647e-07,1.4120632543036e-05,1.28474222077922,5.74534834847452,"tenascin XB","7148"
"203913_s_at","HPGD",-1.53094575649351,9.73822333333333,-5.27260456950077,6.63946870894784e-07,1.54230911813588e-05,1.53094575649351,5.64382716425072,"15-hydroxyprostaglandin dehydrogenase","3248"
"208161_s_at","ABCC3",-1.1239861461039,10.7085081081081,-5.25567940855022,7.14777468862911e-07,1.63817877303077e-05,1.1239861461039,5.57326580536868,"ATP binding cassette subfamily C member 3","8714"
"203126_at","IMPA2",-1.06747634090909,9.17055846846847,-5.2451693260681,7.48233583891391e-07,1.69739302936339e-05,1.06747634090909,5.52951703969273,"inositol monophosphatase 2","3613"
"211026_s_at","MGLL",-1.18805335714286,10.2873097297297,-5.24026999181507,7.64347096619863e-07,1.72691280643009e-05,1.18805335714286,5.50914116278306,"monoglyceride lipase","11343"
"202219_at","SLC6A8",-1.10698404545455,9.47371810810811,-5.23977310876383,7.66000098911502e-07,1.72889404290289e-05,1.10698404545455,5.5070753074058,"solute carrier family 6 member 8","6535"
"208383_s_at","PCK1",-1.68938412012987,10.5115088288288,-5.20792612389674,8.79549879671924e-07,1.94382268546145e-05,1.68938412012987,5.37491222895639,"phosphoenolpyruvate carboxykinase 1","5105"
"203638_s_at","FGFR2",-1.15013092532468,8.79460558558559,-5.19563336248252,9.27638601011255e-07,2.03395719633147e-05,1.15013092532468,5.32402753956065,"fibroblast growth factor receptor 2","2263"
"212681_at","EPB41L3",-1.08899877922078,7.87832684684685,-5.19085966747881,9.46996490450061e-07,2.07232228072259e-05,1.08899877922078,5.30428683260721,"erythrocyte membrane protein band 4.1 like 3","23136"
"208581_x_at","MT1X",-1.2148866948052,11.8330190990991,-5.18158743488918,9.85729004723977e-07,2.13609776636537e-05,1.2148866948052,5.26597459173604,"metallothionein 1X","4501"
"204326_x_at","MT1X",-1.21220509415584,11.3922623423423,-5.17507018498437,1.01387360194351e-06,2.17801950149426e-05,1.21220509415584,5.23907054198075,"metallothionein 1X","4501"
"205979_at","SCGB2A1",-1.54643810714286,7.83539900900901,-5.17057491138666,1.03374151142335e-06,2.21856065992081e-05,1.54643810714286,5.22052541923114,"secretoglobin family 2A member 1","4246"
"203914_x_at","HPGD",-1.35422960714286,10.2983930630631,-5.15719549625295,1.09514841646121e-06,2.33460490655563e-05,1.35422960714286,5.16538687405654,"15-hydroxyprostaglandin dehydrogenase","3248"
"218510_x_at","RETREG1",-1.17325578896104,9.37021135135135,-5.14621175770073,1.14820607832828e-06,2.43142460141817e-05,1.17325578896104,5.12018617050808,"reticulophagy regulator 1","54463"
"212185_x_at","MT2A",-1.0169951461039,12.6409595495495,-5.13885937070975,1.1851139945439e-06,2.49807879394979e-05,1.0169951461039,5.08996213977535,"metallothionein 2A","4502"
"204379_s_at","FGFR3",-1.20768217207792,8.91043054054054,-5.136374065918,1.19784948838226e-06,2.51629333399822e-05,1.20768217207792,5.07975156266826,"fibroblast growth factor receptor 3","2261"
"210390_s_at","CCL15",-1.16662371753247,9.13106126126126,-5.12124524341306,1.27830187467726e-06,2.66137671609209e-05,1.16662371753247,5.01766170760513,"C-C motif chemokine ligand 15","6359"
"213432_at","MUC5B",-1.13117171428571,7.74976477477477,-5.11503030371056,1.31285698066276e-06,2.71303478276662e-05,1.13117171428571,4.99218759297386,"mucin 5B, oligomeric mucus/gel-forming","727897"
"209114_at","TSPAN1",-1.53883026948052,11.2281282882883,-5.09667897862788,1.42028864365181e-06,2.8947639629123e-05,1.53883026948052,4.91707902036235,"tetraspanin 1","10103"
"219010_at","INAVA",-1.10107449025974,10.0140344144144,-5.03169568889033,1.87405756189338e-06,3.6557250706041e-05,1.10107449025974,4.65245619383575,"innate immunity activator","55765"
"206294_at","HSD3B2",-1.13229607792208,6.15226189189189,-4.97536479876115,2.37930484084005e-06,4.43175367386236e-05,1.13229607792208,4.42478223115983,"hydroxy-delta-5-steroid dehydrogenase, 3 beta- and steroid delta-isomerase 2","3284"
"206664_at","SI",-2.05994396428572,8.46623099099099,-4.9670019620524,2.46481203594581e-06,4.56430737529217e-05,2.05994396428572,4.39111930620965,"sucrase-isomaltase","6476"
"211549_s_at","HPGD",-1.00797841558442,7.68647162162162,-4.94264047742404,2.73129021824964e-06,4.95883880944966e-05,1.00797841558442,4.2932610513536,"15-hydroxyprostaglandin dehydrogenase","3248"
"210735_s_at","CA12",-1.16114887987013,8.28348243243243,-4.92482991344492,2.94363177144738e-06,5.29687277645665e-05,1.16114887987013,4.22191044507456,"carbonic anhydrase 12","771"
"209170_s_at","GPM6B",-1.35216477922078,7.89383441441441,-4.92426348136209,2.95064169438907e-06,5.30520137416507e-05,1.35216477922078,4.21964395701888,"glycoprotein M6B","2824"
"204673_at","MUC2",-1.99934336038961,10.6907104504505,-4.8472931195256,4.07048990823188e-06,7.0293258671071e-05,1.99934336038961,3.91321236827148,"mucin 2, oligomeric mucus/gel-forming","4583"
"205014_at","FGFBP1",-1.02244466233766,8.30924315315315,-4.84388416772044,4.12862709200026e-06,7.11868620189549e-05,1.02244466233766,3.89971258917983,"fibroblast growth factor binding protein 1","9982"
"220266_s_at","KLF4",-1.44983168181818,9.19570756756757,-4.82796316528864,4.41099714878477e-06,7.50900989717505e-05,1.44983168181818,3.83674521718772,"KLF transcription factor 4","9314"
"219404_at","EPS8L3",-1.05687692857143,10.7889188288288,-4.82236471371113,4.51467658301463e-06,7.64217625028306e-05,1.05687692857143,3.81463531946432,"EPS8 signaling adaptor L3","79574"
"203498_at","RCAN2",-1.00365714285714,8.51058045045045,-4.77668207893291,5.453835098766e-06,8.95278146169437e-05,1.00365714285714,3.63484555642157,"regulator of calcineurin 2","10231"
"209687_at","CXCL12",-1.54398042532468,9.91116873873874,-4.74319433219838,6.26001031462971e-06,9.96502995433521e-05,1.54398042532468,3.50376180958006,"C-X-C motif chemokine ligand 12","6387"
"202489_s_at","FXYD3",-1.27693616558442,12.7874652252252,-4.73346796622477,6.51505681392644e-06,0.000102569555225328,1.27693616558442,3.46580278067764,"FXYD domain containing ion transport regulator 3","5349"
"211548_s_at","HPGD",-1.35871873701299,9.54523954954955,-4.72559418710266,6.72887628434319e-06,0.000105192404902676,1.35871873701299,3.43511146760274,"15-hydroxyprostaglandin dehydrogenase","3248"
"206797_at","NAT2",-1.06478808441558,9.23248234234234,-4.70934316561141,7.19190761048673e-06,0.000111337127059634,1.06478808441558,3.3718731674237,"N-acetyltransferase 2","10"
"203453_at","SCNN1A",-1.30627450324675,10.3984608108108,-4.70693247394049,7.26317219015567e-06,0.000112362282555623,1.30627450324675,3.36250461973264,"sodium channel epithelial 1 subunit alpha","6337"
"202790_at","CLDN7",-1.06381766233766,10.4069782882883,-4.70468860984681,7.33011964242352e-06,0.00011324069020407,1.06381766233766,3.35378726159858,"claudin 7","1366"
"203892_at","WFDC2",-1.09205333441559,8.3487809009009,-4.66882793477652,8.48476118402514e-06,0.000127885673137028,1.09205333441559,3.21484434900585,"WAP four-disulfide core domain 2","10406"
"218687_s_at","MUC13",-1.02782775,11.0728702702703,-4.6502490134194,9.15036552921027e-06,0.000135804592201344,1.02782775,3.14313879615164,"mucin 13, cell surface associated","56667"
"205765_at","CYP3A5",-1.18439286363637,10.2768188288288,-4.62824203386965,1.00043160486372e-05,0.000146718991846932,1.18439286363637,3.05845044212503,"cytochrome P450 family 3 subfamily A member 5","1577"
"206632_s_at","APOBEC3B",-1.09001993831169,7.89617657657658,-4.6061396337114,1.09393834367301e-05,0.000156919925833894,1.09001993831169,2.97366680806544,"apolipoprotein B mRNA editing enzyme catalytic subunit 3B","9582"
"211689_s_at","TMPRSS2",-1.17262622402598,8.82759333333333,-4.59016254462832,1.16673998104335e-05,0.00016513002895618,1.17262622402598,2.91255007979432,"transmembrane serine protease 2","7113"
"210258_at","RGS13",-1.27881395779221,6.41032423423423,-4.57832549910604,1.22367679585337e-05,0.000171494237278684,1.27881395779221,2.86736281545043,"regulator of G protein signaling 13","6003"
"49452_at","ACACB",-1.23540284415585,8.17427297297297,-4.49292436304859,1.72183739178482e-05,0.000229410117086068,1.23540284415585,2.5437077762428,"acetyl-CoA carboxylase beta","32"
"213071_at","DPT",-1.2742203961039,8.95156225225225,-4.4866841298616,1.76507490200721e-05,0.000234329997568621,1.2742203961039,2.5202222315857,"dermatopontin","1805"
"209993_at","ABCB1",-1.26383696428572,8.40556855855856,-4.48163389586624,1.80083282787662e-05,0.000237801736257305,1.26383696428572,2.50123179253398,"ATP binding cassette subfamily B member 1","5243"
"209994_s_at","ABCB1",-1.12039738311689,9.17117792792793,-4.46797770897136,1.90106211605804e-05,0.00024882468131272,1.12039738311689,2.44995421501033,"ATP binding cassette subfamily B member 1","5243"
"211737_x_at","PTN",-1.15343861363637,7.84575738738739,-4.46405822822706,1.93080973557235e-05,0.000252273598119327,1.15343861363637,2.43525693239407,"pleiotrophin","5764"
"212338_at","MYO1D",-1.05373909415584,9.87607315315315,-4.45843211128104,1.97429666629002e-05,0.000256928856495429,1.05373909415584,2.41417569257806,"myosin ID","4642"
"204674_at","IRAG2",-1.01580674025974,7.90960837837838,-4.43435392597966,2.17132404040978e-05,0.000276877994551853,1.01580674025974,2.32416218717682,"inositol 1,4,5-triphosphate receptor associated 2","4033"
"206398_s_at","CD19",-1.05374389935065,6.98128981981982,-4.43361574147568,2.17765459884552e-05,0.000277367704393834,1.05374389935065,2.32140791610121,"CD19 molecule","930"
"206898_at","CDH19",-1.19055571753247,7.23932945945946,-4.40181947801798,2.46788752378413e-05,0.000308860282962579,1.19055571753247,2.20307480042087,"cadherin 19","28513"
"43427_at","ACACB",-1.0259876038961,8.30352045045045,-4.38646166001837,2.62109702439985e-05,0.000325112351963004,1.0259876038961,2.14613217231391,"acetyl-CoA carboxylase beta","32"
"205632_s_at","PIP5K1B",-1.05157207467533,9.82675333333333,-4.38000815335593,2.68817685442063e-05,0.000332322507136118,1.05157207467533,2.12224591235599,"phosphatidylinositol-4-phosphate 5-kinase type 1 beta","8395"
"205042_at","GNE",-1.04698612662338,9.88847387387387,-4.31362976833688,3.48138763651989e-05,0.000411213533291376,1.04698612662338,1.87799912403842,"glucosamine (UDP-N-acetyl)-2-epimerase/N-acetylmannosamine kinase","10020"
"220075_s_at","CDHR5",-1.06537061038961,6.76659990990991,-4.2820280207138,3.93400537346422e-05,0.000451741431467332,1.06537061038961,1.76264569747323,"cadherin related family member 5","53841"
"206198_s_at","CEACAM7",-1.92574816233766,8.09301846846847,-4.22250935001068,4.94468829272251e-05,0.000543696056747183,1.92574816233766,1.54703586365216,"CEA cell adhesion molecule 7","1087"
"204623_at","TFF3",-1.18068271428572,12.3187322522523,-4.18857397895308,5.62810510186846e-05,0.000604196895855061,1.18068271428572,1.42507506605051,"trefoil factor 3","7033"
"213797_at","RSAD2",-1.07877682142857,7.33414423423423,-4.12430543450176,7.17866265685437e-05,0.000736275635390169,1.07877682142857,1.19605697709215,"radical S-adenosyl methionine domain containing 2","91543"
"205544_s_at","CR2",-1.1646066525974,6.84873324324324,-4.00221067830546,0.000113212733573666,0.00105568860017604,1.1646066525974,0.768150841439112,"complement C3d receptor 2","1380"
"202037_s_at","SFRP1",-1.44084895779221,7.77068684684685,-4.00090696013253,0.000113759332629322,0.0010594551224847,1.44084895779221,0.763633105669077,"secreted frizzled related protein 1","6422"
"202826_at","SPINT1",-1.09488306818182,9.25721837837838,-3.98556941017114,0.000120382130341259,0.00111183777678782,1.09488306818182,0.710566733229844,"serine peptidase inhibitor, Kunitz type 1","6692"
"33323_r_at","SFN",-1.00717866558442,12.7731290990991,-3.88904362162117,0.000171316009579944,0.00148556120880203,1.00717866558442,0.380110531114593,"stratifin","2810"
"213068_at","DPT",-1.41320907792208,7.59889801801802,-3.86132538494314,0.000189383632267616,0.00161519876570662,1.41320907792208,0.286348657809089,"dermatopontin","1805"
"218002_s_at","CXCL14",-1.23526881818182,11.5548651351351,-3.7847854600232,0.000249177193085649,0.00201704953865153,1.23526881818182,0.0300974130174261,"C-X-C motif chemokine ligand 14","9547"
"201540_at","FHL1",-1.06884546428572,11.5747286486486,-3.73608234914853,0.000296145039898941,0.00231481510660656,1.06884546428572,-0.130904237555962,"four and a half LIM domains 1","2273"
"201497_x_at","MYH11",-1.29662852597403,11.6612025225225,-3.71495204318905,0.000319035960704515,0.00245334044000727,1.29662852597403,-0.200254632937916,"myosin heavy chain 11","4629"
"201650_at","KRT19",-1.11628163636364,11.8486325225225,-3.66166207091377,0.000384449560344232,0.00285860575960896,1.11628163636364,-0.373794721464183,"keratin 19","3880"
"205799_s_at","SLC3A1",-1.07505971103896,8.54176135135135,-3.6434621850599,0.000409564108889138,0.00301714935638999,1.07505971103896,-0.432614361288529,"solute carrier family 3 member 1","6519"
"207961_x_at","MYH11",-1.05203593181818,10.1743653153153,-3.62776827162449,0.000432460003098543,0.00314936629258786,1.05203593181818,-0.483150527462598,"myosin heavy chain 11","4629"
"202920_at","ANK2",-1.12848763961039,7.78280072072072,-3.62339827945717,0.000439047810470596,0.0031910672655035,1.12848763961039,-0.497191906308315,"ankyrin 2","287"
"209995_s_at","TCL1A",-1.04038344805195,6.35524495495496,-3.43480110246098,0.000833141084953804,0.00540316854425499,1.04038344805195,-1.09035541816645,"TCL1 family AKT coactivator A","8115"
"205597_at","SLC44A4",-1.19373289285714,9.46497837837838,-3.41750363243712,0.00088251885790799,0.00566730256489371,1.19373289285714,-1.14348651633633,"solute carrier family 44 member 4","80736"
"213764_s_at","MFAP5",-1.03830496103896,7.71115828828829,-3.33393166937663,0.00116227544980144,0.00706274146078199,1.03830496103896,-1.39712271598061,"microfibril associated protein 5","8076"
"202992_at","C7",-1.11136978896104,8.10023711711712,-3.22574182122729,0.00164841510972587,0.00942066274996489,1.11136978896104,-1.71783597748697,"complement C7","730"
"204955_at","SRPX",-1.07145728571429,9.21123297297297,-3.15632991111948,0.00205396083971569,0.0112561096251775,1.07145728571429,-1.91898975236042,"sushi repeat containing protein X-linked","8406"
"204213_at","PIGR",-1.13682375,8.9188172972973,-3.11967301138704,0.00230384941509022,0.0123580191235167,1.13682375,-2.02374914798524,"polymeric immunoglobulin receptor","5284"
"208792_s_at","CLU",-1.10096854545455,9.69320495495496,-3.10257739919526,0.00242979071970234,0.0128877256816212,1.10096854545455,-2.07225545504824,"clusterin","1191"
"206268_at","LEFTY1",-1.08924667207792,10.2122337837838,-3.09701609919987,0.00247211741731135,0.0130593691499751,1.08924667207792,-2.08798666304295,"left-right determination factor 1","10637"
"217148_x_at","IGLV2-14",-1.09177902922078,9.2886181981982,-3.05736183740509,0.00279431570988101,0.0144194975837432,1.09177902922078,-2.19946855866265,"immunoglobulin lambda variable 2-14","28815"
"209763_at","CHRDL1",-1.08175486688312,8.04731234234234,-2.95614692595993,0.003800972335034,0.0184999477184952,1.08175486688312,-2.47850519522593,"chordin like 1","91851"
"201496_x_at","MYH11",-1.19824615584416,8.64022414414414,-2.91198078851348,0.00433718764299063,0.0205295044109412,1.19824615584416,-2.59775779735675,"myosin heavy chain 11","4629"
"201348_at","GPX3",-1.05251429220779,9.20659216216216,-2.87640493538387,0.00481872789661425,0.0223313503958551,1.05251429220779,-2.69269720916763,"glutathione peroxidase 3","2878"
"203980_at","FABP4",-1.14415230194805,8.35454891891892,-2.77783029978546,0.0064202482454386,0.027856154509261,1.14415230194805,-2.95049552335745,"fatty acid binding protein 4","2167"
"212730_at","SYNM",-1.0902700974026,9.61058927927928,-2.56031774528139,0.0117924605868287,0.0450260567108407,1.0902700974026,-3.49150100754509,"synemin","23336"
