"","logFC","logCPM","F","PValue","FDR","Significant"
"ENSG00000183034.13",-8.37056278785644,3.14812357432969,2439.83872430342,1.29870344083508e-243,2.34727659896533e-239,TRUE
"ENSG00000170419.11",-5.14659056334976,-0.456926544737551,1362.04957909038,6.07757646707238e-191,5.49230585329331e-187,TRUE
"ENSG00000073734.10",-5.25883674488927,0.447470018427271,1563.73580904282,8.96871774709204e-189,5.40335348536472e-185,TRUE
"ENSG00000120498.14",-4.14860691753489,-0.121625889049323,1577.57502626082,3.36408483007518e-186,1.52006173046947e-182,TRUE
"ENSG00000142959.5",-5.96231340811163,3.14565636405823,1951.61445599062,2.72125382316708e-180,9.83678831998435e-177,TRUE
"ENSG00000196660.11",-6.05014503172783,1.99923595191066,1340.22757871492,5.24939735498502e-156,1.58129346323332e-152,TRUE
"ENSG00000162461.8",-4.02197605040736,1.29320982225998,1365.84206330047,4.80353182047597e-151,1.24027191604689e-147,TRUE
"ENSG00000163815.6",-4.03604462442796,1.6100921378995,1383.096151787,1.20915904778968e-150,2.73179257871882e-147,TRUE
"ENSG00000164303.11",-3.43558466448433,-0.919956735402543,1002.19412943223,5.74950588844711e-147,1.1546285491977e-143,TRUE
"ENSG00000107611.16",-5.09063279971059,1.67920619781106,1237.17163999833,1.30084301076944e-144,2.35114365766469e-141,TRUE
"ENSG00000079689.14",-4.90081849238351,0.981497536895961,1081.99760452631,1.84974397526521e-138,3.03929750990394e-135,TRUE
"ENSG00000116748.21",-4.04536527416472,-0.283756129375119,937.58480569107,1.86335421298639e-135,2.806522003793e-132,TRUE
"ENSG00000118137.10",-7.59701952510777,3.41679009822564,1023.79753041308,2.39556640659212e-132,3.33057440251892e-129,TRUE
"ENSG00000172410.4",-6.32775075151874,1.53983394649745,927.89638516853,3.60435901908017e-132,4.6532274936325e-129,TRUE
"ENSG00000224321.1",-3.12848883965518,-0.516243651758182,929.135163589403,9.13936724284726e-132,1.10123282364814e-128,TRUE
"ENSG00000138669.9",-3.96316650528647,1.16804463631363,1056.10837199476,2.87208396969231e-130,3.24437785426367e-127,TRUE
"ENSG00000130226.17",-4.82470542497925,0.500668865993859,913.341801054511,6.34638830589604e-129,6.74733072004501e-126,TRUE
"ENSG00000163959.10",-4.00561194377928,2.99033493669517,1070.39213771743,1.00937481109771e-128,1.01352446309889e-125,TRUE
"ENSG00000108381.11",-3.78033101228672,0.145600216715602,943.041448386859,1.99703737500586e-128,1.89970807978189e-125,TRUE
"ENSG00000123560.14",-5.17404043004533,1.30726095695027,970.96930739181,3.81025653461263e-128,3.44332883032943e-125,TRUE
"ENSG00000141434.12",-5.66865024405961,2.33608697544139,1011.99209444352,4.22978659689631e-127,3.64043633106209e-124,TRUE
"ENSG00000065325.13",-3.86350035319439,0.908773264555839,992.637984339819,1.33865664930788e-126,1.09976728543594e-123,TRUE
"ENSG00000168546.11",-3.6521849572041,0.454931914901232,893.17158868719,8.6940262163613e-121,6.83199260150062e-118,TRUE
"ENSG00000118777.12",-4.82747402987366,3.36181631855361,949.525698552993,9.76655086294998e-120,7.35502667903991e-117,TRUE
"ENSG00000203859.10",-5.66135968818404,1.40798562436997,841.848684220081,3.91046390444807e-119,2.82710898435978e-116,TRUE
"ENSG00000036672.16",-4.11060764925288,2.52938135620702,927.490675047167,4.54337683543213e-118,3.15834588167693e-115,TRUE
"ENSG00000168748.14",-5.7083625275327,3.26860591272763,914.351366242488,2.93109411866664e-117,1.96209611484374e-114,TRUE
"ENSG00000040199.18",-2.61608082150621,4.72754173589723,884.446691097855,7.51919523310205e-115,4.85364052296738e-112,TRUE
"ENSG00000044012.4",-6.4323499772683,3.56866771889379,878.495024674497,8.91668142836431e-115,5.55724483228471e-112,TRUE
"ENSG00000169764.16",-2.10104361669426,6.97985508807222,872.298220266417,6.77434684792979e-114,4.0813181643161e-111,TRUE
"ENSG00000034971.17",-4.65709673590682,-0.365471651354902,688.018510641712,9.55743937964218e-113,5.57229546282751e-110,TRUE
"ENSG00000182271.13",-6.33212823858176,3.61726808361015,842.353053200986,1.49183326803226e-111,8.17072560194394e-109,TRUE
"ENSG00000257335.8",-5.12426908139858,2.29427253677732,817.889018342081,4.99756367993469e-110,2.65664605738646e-107,TRUE
"ENSG00000242366.3",-4.24412138920117,0.94220269507801,782.939659352013,1.14486447824539e-109,5.91208016565917e-107,TRUE
"ENSG00000187783.12",-4.43299988233792,1.68562703821787,807.980475846403,1.64697416919088e-109,8.26872531498778e-107,TRUE
"ENSG00000119147.10",-4.11129841102323,-0.149471633133682,695.840125413001,9.78793416468113e-109,4.65545058138018e-106,TRUE
"ENSG00000186462.9",-3.49644320293273,-0.401152815248589,693.333834322908,1.14229314750986e-107,5.29379649951108e-105,TRUE
"ENSG00000152785.8",-5.25581270168326,2.88525703520948,786.564254629692,1.24950792859561e-106,5.64590157535927e-104,TRUE
"ENSG00000249948.6",-4.91608662649897,1.9086053804685,765.733602898941,5.06426817046676e-106,2.23247763202478e-103,TRUE
"ENSG00000168079.17",-4.78065761731521,3.48644347166092,778.430107956167,1.11072006681536e-105,4.77979868752877e-103,TRUE
"ENSG00000233670.7",-3.95310654015358,-0.343982083545922,654.310770273538,7.20188978353872e-105,3.02713851041114e-102,TRUE
"ENSG00000157005.4",-5.04930889825208,0.939623073410527,694.51523466599,1.01825947058801e-104,4.18273219804719e-102,TRUE
"ENSG00000167281.19",-4.81955933966453,1.33684069218609,728.85597937401,1.52772847506641e-104,6.13603654630005e-102,TRUE
"ENSG00000162706.13",-4.36937072958832,0.855062171353577,712.472687746256,8.81655703864046e-104,3.46414025905191e-101,TRUE
"ENSG00000279756.1",-3.91954334333924,0.116445490288205,670.612704392006,2.62887055628157e-103,1.01094056243049e-100,TRUE
"ENSG00000131096.10",-5.97355608952196,3.10722773011425,742.274849835424,3.93613655439016e-103,1.48211941841766e-100,TRUE
"ENSG00000254645.2",-4.52037636631788,1.18871627358894,704.780364489037,6.22603981001255e-102,2.29651925563606e-99,TRUE
"ENSG00000125851.10",-4.42759282234779,-0.251244192121318,617.248915488275,1.27428435459107e-101,4.60628308497578e-99,TRUE
"ENSG00000225335.3",-2.36718881455911,0.976728394206363,715.725412229242,1.09174515477627e-100,3.79465421681277e-98,TRUE
"ENSG00000163106.11",-3.04702521397716,-0.0386428648280887,662.234192543817,2.93781494505429e-100,1.00185032673417e-97,TRUE
"ENSG00000172005.11",-3.52177508831693,0.0387222329871927,649.982284508771,5.52788827020676e-100,1.84517577741732e-97,TRUE
"ENSG00000166292.12",-3.74051491516865,0.805621280984073,688.616532685153,5.61495340035148e-100,1.84517577741732e-97,TRUE
"ENSG00000111846.19",-3.71868853643236,1.95137595449256,711.663978250807,7.38309424555918e-100,2.38289366775422e-97,TRUE
"ENSG00000165072.10",-4.48121458430409,1.56755835307111,696.757392366708,1.13746668816277e-99,3.60676717927261e-97,TRUE
"ENSG00000183476.12",-3.79391121870844,0.0370804675118255,637.792762140346,1.27450949541687e-99,3.9716352793387e-97,TRUE
"ENSG00000274736.5",-3.09233565729766,-0.847825579138505,598.925921957632,2.77146368147505e-99,8.49007365745423e-97,TRUE
"ENSG00000078549.15",-3.90973749959253,-0.385035202786448,602.053411256639,9.48659974462044e-99,2.85768006307116e-96,TRUE
"ENSG00000240498.9",-4.57014902099219,2.63117394046971,694.023065390742,3.88381216862058e-98,1.15075444484669e-95,TRUE
"ENSG00000150593.18",-2.01015258802595,6.69646088709311,691.488951739105,5.00482938404831e-98,1.45898848850466e-95,TRUE
"ENSG00000115593.15",-4.50066664167315,0.157446409617969,607.60536486658,5.54025831534181e-98,1.58943855224584e-95,TRUE
"ENSG00000269404.7",-4.54886190104225,2.63679563004613,676.47436841854,1.82970734371113e-96,5.08771238926693e-94,TRUE
"ENSG00000170091.11",-3.87222287411019,-0.16331769520209,595.516891504231,4.90489937884392e-96,1.32315151303321e-93,TRUE
"ENSG00000186198.4",-4.11792668959735,3.46633856854614,669.52798833629,9.14041627602499e-96,2.42946887901288e-93,TRUE
"ENSG00000160712.13",-2.75665099203623,4.23687230626377,664.573711470982,2.03717456728615e-95,5.33621639552606e-93,TRUE
"ENSG00000103375.11",-6.96409052741699,6.81590155623085,662.830523720123,3.12208251162972e-95,8.06121704502792e-93,TRUE
"ENSG00000104267.10",-4.74342165889472,7.39245224597023,660.142868575633,4.91721971827624e-95,1.25174407307218e-92,TRUE
"ENSG00000156284.6",-5.7130252920141,2.43827854769804,630.565278666245,2.7911262281072e-93,7.00650214539021e-91,TRUE
"ENSG00000187699.10",-3.55430068151224,4.19202413512368,630.396917419463,4.64304396079644e-92,1.14956680201965e-89,TRUE
"ENSG00000133800.9",-4.07898715895553,2.76895083849887,631.595730532195,4.77566289174699e-92,1.16642339331669e-89,TRUE
"ENSG00000084674.15",-7.02819783609713,4.20772169374836,621.478654770181,2.20624184745338e-91,5.31674868678299e-89,TRUE
"ENSG00000147883.12",-3.26905300206971,4.77186775180921,616.890193200436,9.46182789601932e-91,2.22094905704744e-88,TRUE
"ENSG00000133742.14",-6.79347953747441,6.58611263538683,616.19247917001,1.20329333628803e-90,2.78824663590639e-88,TRUE
"ENSG00000168309.18",-3.43108276178617,2.32171968413408,615.739512131889,1.76963958389751e-90,4.04866656194475e-88,TRUE
"ENSG00000149575.9",-3.49229786605783,-0.526095947909345,535.272885184657,8.38718550196218e-90,1.89487488453081e-87,TRUE
"ENSG00000141338.14",-4.385759085781,2.31001551004927,605.817458182227,1.24736094258449e-89,2.78330884892247e-87,TRUE
"ENSG00000068976.14",-3.82240261798463,1.24025514766216,596.864722208682,1.36059188870628e-89,2.99894363371675e-87,TRUE
"ENSG00000168060.16",-3.46899794784939,3.06383568732249,604.761817768137,2.13855411569404e-89,4.65689482976556e-87,TRUE
"ENSG00000175161.14",-3.87065534248311,-0.877490735059192,501.506756989657,6.51800535922995e-89,1.38595798662026e-86,TRUE
"ENSG00000168356.13",-3.06856872435224,-1.01791089675347,511.006485484939,7.86003097827163e-89,1.65188604536374e-86,TRUE
"ENSG00000104833.12",-3.27439269615968,-0.899208358663629,508.322141011541,9.78868466499159e-89,2.03357111074779e-86,TRUE
"ENSG00000240505.9",-3.33490558458139,-0.346380144420554,529.671757678906,7.92288610901733e-88,1.62725276743613e-85,TRUE
"ENSG00000030304.14",-3.58017609716295,-0.528870615145858,514.824502745404,1.10383559768085e-87,2.21674717694264e-85,TRUE
"ENSG00000163873.10",-3.4039880920729,0.524383063284248,564.790168333795,1.33170472024251e-87,2.64497045205089e-85,TRUE
"ENSG00000189129.14",-2.56056174289396,1.34065284284531,582.416785353102,2.67238085013235e-87,5.25006646579262e-85,TRUE
"ENSG00000176399.4",-3.36396908730203,-0.841030438964153,500.283271633458,4.06818512542633e-87,7.90627719967263e-85,TRUE
"ENSG00000141668.10",-2.90028613020029,-0.83016002640938,506.567203334171,5.57834891933718e-87,1.07258594008617e-84,TRUE
"ENSG00000197273.4",-5.28663171557129,6.00656810697566,578.602634207817,7.57910075534372e-87,1.44194386370613e-84,TRUE
"ENSG00000135549.15",-3.87429639359514,4.41569913379938,577.784017851006,9.85687097397909e-87,1.85576131233019e-84,TRUE
"ENSG00000163295.5",-4.50021147628043,2.76667325070286,577.349896794951,1.34380288582154e-86,2.50390653178748e-84,TRUE
"ENSG00000248485.2",-3.83487052570747,-0.161049223485029,515.274660586726,2.83096375156202e-86,5.22110600466652e-84,TRUE
"ENSG00000171246.6",-4.77239365081404,1.89816725943999,560.841879484856,1.16224887792966e-85,2.12186729491926e-83,TRUE
"ENSG00000172987.13",-3.1917245648583,0.137449648363226,535.998113297116,1.76695790776782e-85,3.19359972249957e-83,TRUE
"ENSG00000179915.24",-4.18429885125842,0.30916667928662,521.938662201195,2.20756954486701e-85,3.95045662910161e-83,TRUE
"ENSG00000126950.8",-3.96687473545593,1.54138942863276,558.707079492473,3.34817599929123e-85,5.93283656972448e-83,TRUE
"ENSG00000232070.9",-2.77957494659678,0.0154841156060731,529.357755320381,7.20722214879137e-85,1.26469255453646e-82,TRUE
"ENSG00000206579.9",-3.76310695433834,-0.940492317347565,468.764566570638,1.63527677444182e-84,2.84192234819821e-82,TRUE
"ENSG00000119121.22",-4.21852668726171,4.12113026493214,553.463892595531,3.78038332345086e-84,6.50729982743342e-82,TRUE
"ENSG00000175785.13",-4.48177154182591,1.45899785132835,541.858280733434,4.5206387870606e-84,7.70811560729559e-82,TRUE
"ENSG00000253958.2",-2.95146627588193,4.74957923329164,549.186911444573,9.29983576792227e-84,1.55634473767988e-81,TRUE
"ENSG00000187824.9",-2.91903301793409,1.86269960100676,549.242445839729,1.16083994565346e-83,1.92486432823309e-81,TRUE
"ENSG00000092009.10",-3.60524342640237,-1.1275355727339,453.511669612903,1.14485287425876e-82,1.84750632583508e-80,TRUE
"ENSG00000170382.12",-3.72813115550398,2.7514462950038,539.806616993762,1.298513093643e-82,2.07693147384988e-80,TRUE
"ENSG00000135406.14",-3.40419205681016,-0.290170141145537,487.834877389962,2.49564790461156e-82,3.95669651122363e-80,TRUE
"ENSG00000172594.13",-2.59245559012099,4.81954644628292,535.701913969629,2.5705385536626e-82,4.03999250599111e-80,TRUE
"ENSG00000134028.14",-3.55852587934852,5.5448942285085,529.701014580316,1.13240956607305e-81,1.764411249759e-79,TRUE
"ENSG00000281100.1",-2.50622595899793,-0.726358699313091,476.291751230931,1.93566886869168e-81,2.99019479766952e-79,TRUE
"ENSG00000060566.14",-4.56764028695523,2.06923589928462,525.000884581533,2.04648670488792e-81,3.13459328001222e-79,TRUE
"ENSG00000158887.19",-2.70137935665763,0.861223790277546,521.547949618924,2.37539853222774e-81,3.60781118247767e-79,TRUE
"ENSG00000134201.12",-2.86502201389231,0.790005368320129,518.069744623109,3.86414593576902e-81,5.82004780359077e-79,TRUE
"ENSG00000166828.3",-4.33862483840033,0.566033764013423,492.041721182737,5.37718083787033e-81,8.03199722840235e-79,TRUE
"ENSG00000173930.9",-3.49911563639393,-0.0470509061774519,484.848877896058,7.98983347096671e-81,1.18367418159223e-78,TRUE
"ENSG00000271178.1",-3.56891011263182,-0.547076107131278,464.44163570477,9.39235791639049e-81,1.38014208927514e-78,TRUE
"ENSG00000159176.14",-2.22240150666126,8.27568818769574,516.628785884025,2.94656478502943e-80,4.29485580037273e-78,TRUE
"ENSG00000018625.15",-4.72160037825044,2.48974182183575,514.872651379267,4.7011246958639e-80,6.79745022024352e-78,TRUE
"ENSG00000138744.16",-2.11387903758021,5.31594749410661,513.449540574003,6.72012011049793e-80,9.63963895850315e-78,TRUE
"ENSG00000136546.16",-4.57523262983664,1.81439501477426,507.177521388238,1.10495692429335e-79,1.57251901178567e-77,TRUE
"ENSG00000095303.17",-2.86906656668715,4.62165996838208,510.125481613107,1.62381754575111e-79,2.27510684665935e-77,TRUE
"ENSG00000187091.14",-2.27635511791317,4.61267024698051,509.033832724979,2.12389353793342e-79,2.93032456523731e-77,TRUE
"ENSG00000004799.8",-3.26169213173012,4.98971283866853,504.685426395524,6.44350523716463e-79,8.82272073155406e-77,TRUE
"ENSG00000171227.7",-3.11294144141349,4.68266288848204,503.39958067582,9.07134891177574e-79,1.23274857316868e-76,TRUE
"ENSG00000114200.10",-3.98013319662925,1.01811831882153,490.183963829424,1.58416335553984e-78,2.12090136948349e-76,TRUE
"ENSG00000122367.20",-3.97771058250558,1.72813990996747,497.635138209086,2.5471482330874e-78,3.38508508564865e-76,TRUE
"ENSG00000168477.19",-3.90674382860295,4.04829657262656,497.3758111352,4.73502935261554e-78,6.24678251964769e-76,TRUE
"ENSG00000141639.12",-3.69918504902658,-0.174181258093692,453.63579028689,5.04481570172601e-78,6.60724630384028e-76,TRUE
"ENSG00000187097.13",-2.55292322675418,6.25233467620326,495.856975844194,6.01428703885055e-78,7.82030388058884e-76,TRUE
"ENSG00000198624.13",-2.83471135142278,4.79802036457104,493.214645986686,1.23561685229148e-77,1.58386801335576e-75,TRUE
"ENSG00000136457.10",-2.84877174498499,0.174466804130974,471.974059768829,2.00866535043006e-77,2.55666320730091e-75,TRUE
"ENSG00000071991.9",-3.95979696334223,0.331711853287133,461.640385787929,2.95621081610819e-77,3.73640239792583e-75,TRUE
"ENSG00000243064.8",-3.26938059123135,0.709099163840872,477.874003767816,4.62353658940198e-77,5.76315864254148e-75,TRUE
"ENSG00000162374.18",-3.02764752766699,-0.592394208223826,438.463193012067,2.12194232282501e-76,2.62684832484515e-74,TRUE
"ENSG00000263400.8",-2.36170940542402,-0.759191905720887,437.681786954139,2.39306627878647e-76,2.94233196753651e-74,TRUE
"ENSG00000237125.11",-4.1101012222244,1.69698327006348,477.590577567278,3.88709806399891e-76,4.74698718977813e-74,TRUE
"ENSG00000135298.14",-3.23190233172422,-0.963034258726503,419.454085278234,5.005395886039e-76,6.07164598954825e-74,TRUE
"ENSG00000174358.16",-5.53240227948197,3.38023908767406,478.617909320364,6.55228674688567e-76,7.89506871088077e-74,TRUE
"ENSG00000162391.12",-2.36102384616016,0.843016586325886,471.738784873195,1.34060603137194e-75,1.60464327225274e-73,TRUE
"ENSG00000057704.13",-2.3997032016348,4.96353221149675,475.13752397802,1.37182755161117e-75,1.63121126104081e-73,TRUE
"ENSG00000158467.16",-2.61831002226765,6.90155892699203,472.082768571431,2.99062590949485e-75,3.5328478881183e-73,TRUE
"ENSG00000253549.6",-2.88811621845598,0.0948234271871445,451.462092802921,3.12559891922226e-75,3.66831654974176e-73,TRUE
"ENSG00000078804.13",-2.54545764109261,5.92184873643527,469.855580379879,5.43198239829069e-75,6.33404192688425e-73,TRUE
"ENSG00000183230.17",-3.49527255637177,-0.615211490046399,419.827360123999,5.84829454064635e-75,6.77577407228475e-73,TRUE
"ENSG00000137872.17",-3.08670533328917,3.54255623885998,467.561113792103,1.16394454580796e-74,1.33994482298937e-72,TRUE
"ENSG00000204936.10",-5.63899152207896,5.85843176846088,466.594540577774,1.38843791935259e-74,1.58826752875815e-72,TRUE
"ENSG00000101605.13",-3.1715831487864,1.81378902206447,466.70705189171,1.47140487938309e-74,1.67258942075283e-72,TRUE
"ENSG00000164530.15",-4.38424736924707,1.68635484013824,461.252339489317,1.9585248398625e-74,2.21239862222968e-72,TRUE
"ENSG00000272463.1",-2.49949439173797,0.00852273931367971,446.535660547715,2.46002065601218e-74,2.76164057992324e-72,TRUE
"ENSG00000080493.18",-4.51330855210319,5.19569213109127,461.628760276642,5.13869532947401e-74,5.73313452993292e-72,TRUE
"ENSG00000160868.15",-4.96392993495358,2.19984548403772,455.900736386291,1.10598068218627e-73,1.22634937729047e-71,TRUE
"ENSG00000119919.11",-2.80568211113292,2.33525515783659,459.394299200261,1.18994304376953e-73,1.31140430323722e-71,TRUE
"ENSG00000121577.14",-3.18332091086918,1.64745948530049,455.412119709907,2.63588503070249e-73,2.86993891836848e-71,TRUE
"ENSG00000118515.11",-2.7004394272167,5.93471008859339,455.183875825452,2.73333166758715e-73,2.95821775808205e-71,TRUE
"ENSG00000205364.4",-4.34383559024478,3.12004537057427,456.02150262411,2.93061340301333e-73,3.15285158607518e-71,TRUE
"ENSG00000239571.1",-3.356166134012,-0.964700891167597,398.544389510875,6.58908635047197e-73,7.04681341410831e-71,TRUE
"ENSG00000213996.13",-3.13041493975934,-0.0911807331224038,423.485644756522,8.97837133807738e-73,9.54559315084768e-71,TRUE
"ENSG00000198597.9",-2.98379226675303,-0.667095596282966,402.953871487699,4.77788797307603e-72,5.02067135031257e-70,TRUE
"ENSG00000263961.8",-2.72439847877076,-1.0388236069414,394.692393725201,5.24462421165952e-72,5.47926809257423e-70,TRUE
"ENSG00000155850.8",-4.13740624216778,8.05631118176998,443.025297533666,7.29025339483534e-72,7.57264596886516e-70,TRUE
"ENSG00000100146.18",-3.7264283108881,0.438659980959964,418.960664305109,2.85934339507183e-71,2.93635071150729e-69,TRUE
"ENSG00000165495.16",-2.61682872422374,-0.292016176779477,409.437028922175,1.03440041491118e-70,1.05032320781487e-68,TRUE
"ENSG00000197361.8",-2.44415095867948,0.579539452447973,427.067503366094,1.24380720954447e-70,1.24892063918371e-68,TRUE
"ENSG00000185432.12",-2.4786046955811,5.95111301996397,428.93646773451,3.50692662314082e-70,3.48264790036523e-68,TRUE
"ENSG00000022267.19",-3.24571992544088,5.39640515552692,428.580969896374,3.92813666727957e-70,3.87962525270005e-68,TRUE
"ENSG00000177675.9",-2.9747191658224,3.22443370977245,429.036723872983,4.067210244754e-70,3.99514988933064e-68,TRUE
"ENSG00000165966.16",-3.90737217155762,1.10039965694333,417.941312067241,1.29030660942135e-69,1.26059468425305e-67,TRUE
"ENSG00000148942.15",-3.88687994426304,0.308213081215351,400.703256815552,2.08361663364582e-69,2.02469285142551e-67,TRUE
"ENSG00000171819.5",-3.80155268389269,-0.68643502841183,372.247311079825,3.58616016715006e-69,3.46611009952247e-67,TRUE
"ENSG00000242515.5",-3.60507967683615,2.87568477003232,421.361083480433,3.69811634193863e-69,3.55530610447866e-67,TRUE
"ENSG00000067840.12",-3.14805588608248,1.01950220900428,413.526808751609,1.01806982891379e-68,9.73576406761265e-67,TRUE
"ENSG00000138792.10",-3.11518954315478,3.09066459335712,417.128167170637,1.1379665643324e-68,1.08250566756547e-66,TRUE
"ENSG00000187980.7",-2.83445952017714,-0.557439164908519,378.919450654034,6.43515907182939e-68,5.96456743919202e-66,TRUE
"ENSG00000121871.4",-3.38947511640802,-1.14750802168904,358.283169546595,9.32927096353855e-68,8.55925093375613e-66,TRUE
"ENSG00000148483.9",-3.63174302980484,4.17113691878359,406.905415551425,1.8157157836596e-67,1.64910789315897e-65,TRUE
"ENSG00000071203.9",-5.4653871324538,5.43551765085558,406.226256534609,2.18962095606315e-67,1.97876045799427e-65,TRUE
"ENSG00000108018.15",-3.47607525653693,0.3635957298308,390.933217382146,2.87701585099851e-67,2.58702410402722e-65,TRUE
"ENSG00000243955.6",-4.25172006343756,2.0000897453563,404.214065803987,2.97525722960842e-67,2.64900488512032e-65,TRUE
"ENSG00000162460.7",-3.39923599936529,1.7819402577756,403.882449278842,3.98328864281701e-67,3.51190043562315e-65,TRUE
"ENSG00000162817.7",-2.41875677268791,5.31619203209451,400.297285356253,1.09582893470144e-66,9.61456901252127e-65,TRUE
"ENSG00000184144.12",-3.39223914917543,-0.500804766439056,365.603814953703,1.24825346028093e-66,1.08990014691389e-64,TRUE
"ENSG00000143196.5",-3.74933452884039,2.38127918302921,400.519370406227,1.27445879405046e-66,1.10743116556096e-64,TRUE
"ENSG00000132915.11",-3.45566319471505,1.01433547179137,394.546972464681,1.61259327015182e-66,1.39454596960402e-64,TRUE
"ENSG00000133878.9",-2.71494210912186,-1.05087552579339,356.178658914324,2.6439804092702e-66,2.27558580557855e-64,TRUE
"ENSG00000133328.4",-3.31418701592232,1.248097096575,393.60727508863,4.13038024749961e-66,3.53803282432739e-64,TRUE
"ENSG00000169432.18",-3.26661372356172,1.50133867341719,394.771842017737,4.58629888656308e-66,3.91003613564817e-64,TRUE
"ENSG00000153446.16",-3.39068336475778,0.746853236901471,387.291891474919,6.43630368460689e-66,5.46149074157676e-64,TRUE
"ENSG00000184809.13",-4.05474784160675,1.55139107962662,390.332454696987,9.13904674702344e-66,7.71865097690195e-64,TRUE
"ENSG00000186642.16",-2.59237140629651,2.21871107763179,392.937730364446,1.13815946625618e-65,9.52365471903433e-64,TRUE
"ENSG00000233999.3",-3.07821232846452,-0.715471202287954,357.277054419511,1.930152110292e-65,1.60762991895933e-63,TRUE
"ENSG00000151623.15",-2.63983959945705,4.9670015605155,389.123819624012,2.72507981998752e-65,2.24899966513491e-63,TRUE
"ENSG00000113594.10",-3.14604226945388,2.4645962583288,388.424962490986,4.15347680612987e-65,3.41226999063597e-63,TRUE
"ENSG00000168447.11",-4.20763717569969,4.09394973875361,387.906504637869,4.30416383143892e-65,3.52006593164828e-63,TRUE
"ENSG00000118432.12",-3.51504033287197,0.489450004154356,372.164437074333,1.4484449611025e-64,1.16351974342074e-62,TRUE
"ENSG00000166831.9",-3.39902536347598,2.15127741423319,383.160076021178,1.83493933624075e-64,1.4609997164412e-62,TRUE
"ENSG00000164107.9",-3.77633447056849,1.70131583995277,381.696771987782,1.90937631345474e-64,1.51359945128864e-62,TRUE
"ENSG00000065534.19",-3.31601867127014,7.28529925366707,379.33585475002,4.55617883818564e-64,3.5927051818499e-62,TRUE
"ENSG00000180875.5",-3.78732271238887,2.92817817788625,379.302401919113,5.7740436731059e-64,4.49827867878086e-62,TRUE
"ENSG00000152137.8",-3.55487087142669,4.03953122913025,376.685544543276,1.08288680367668e-63,8.40004124019413e-62,TRUE
"ENSG00000104435.14",-3.47696688016739,2.12658602265744,376.499900394336,1.25403166397061e-63,9.68605482675421e-62,TRUE
"ENSG00000168016.15",-2.12966542892018,5.39264292763098,375.812731296104,1.28827548464271e-63,9.90820898273713e-62,TRUE
"ENSG00000196990.9",-3.00891015407543,-0.485523413673213,348.225205287409,1.63313571726071e-63,1.25073283702415e-61,TRUE
"ENSG00000169313.10",-2.63952299052383,-0.99927934253494,339.349650857914,2.01860426775485e-63,1.53941998039668e-61,TRUE
"ENSG00000146039.11",-3.35938806154322,3.13960454836029,374.552621940249,2.2113190215772e-63,1.6722753136396e-61,TRUE
"ENSG00000205358.4",-3.97346938074715,3.0141404744452,373.755417962381,2.92345363739776e-63,2.20160421009697e-61,TRUE
"ENSG00000101335.10",-3.20530792461661,8.23045425203344,372.274557457308,3.59902582188397e-63,2.69912002924194e-61,TRUE
"ENSG00000144891.18",-3.52172655656413,0.232988223184447,357.182782981329,4.13594302911266e-63,3.08896835984224e-61,TRUE
"ENSG00000144648.16",-2.43301154190615,0.301685952614413,363.717587733522,5.17378856328878e-63,3.84819154291693e-61,TRUE
"ENSG00000261616.1",-2.90577281529979,-0.434934167951477,347.547234866112,5.81751637828202e-63,4.30925373037169e-61,TRUE
"ENSG00000167723.15",-2.95938412041435,1.13220776153807,367.761274264303,8.5865147925485e-63,6.33439462696007e-61,TRUE
"ENSG00000204614.9",-3.10509567711424,1.70490986438314,369.074390407581,9.91623999321835e-63,7.28561470070847e-61,TRUE
"ENSG00000136826.15",-2.45214892166447,6.77776654983993,367.896824109277,1.30942859098377e-62,9.54298885219382e-61,TRUE
"ENSG00000116833.14",-2.30962530803644,3.88553988877886,367.444457886827,1.59338903565744e-62,1.15658286869368e-60,TRUE
"ENSG00000278535.5",-2.32614945369121,5.71006792404267,367.034237278221,1.70003697485251e-62,1.22905873133937e-60,TRUE
"ENSG00000287750.1",-2.42884638458337,-0.833783098469269,336.301089520553,3.05920282791601e-62,2.17685165006905e-60,TRUE
"ENSG00000167434.10",-5.11565013313986,5.70975534277954,364.226326529499,4.04730236540072e-62,2.8686644295001e-60,TRUE
"ENSG00000256612.7",-3.05355449774061,0.172266127799836,350.812190738064,4.56576941635348e-62,3.22350454809269e-60,TRUE
"ENSG00000198417.7",-2.9364372355981,3.93179442565179,362.944095420824,6.11473751351457e-62,4.30030217195573e-60,TRUE
"ENSG00000135842.17",-2.94584537541597,4.530942777644,362.086835288394,7.60956394883183e-62,5.33082398492971e-60,TRUE
"ENSG00000158445.10",-3.06667413346652,0.100855056280871,348.498381287765,9.2960431028845e-62,6.48713061936426e-60,TRUE
"ENSG00000130176.8",-4.16726644992744,6.8223254758114,360.756623760362,1.09283981401047e-61,7.59604837486932e-60,TRUE
"ENSG00000138678.11",-2.45542832027352,3.47179713880822,361.058511266825,1.09691746477863e-61,7.59604837486932e-60,TRUE
"ENSG00000205038.12",-2.93206113321633,0.319148342555573,350.611321984032,1.70403442853866e-61,1.17552359776365e-59,TRUE
"ENSG00000172260.15",-2.85783595202257,2.55963110415247,359.290114610615,2.07078402548396e-61,1.41770266956807e-59,TRUE
"ENSG00000142973.14",-2.79439882497507,-0.713713599879198,330.656110772065,2.51394749740994e-61,1.71460705917688e-59,TRUE
"ENSG00000170482.17",-3.06337229052249,1.94046480906641,357.19138864313,3.70676359697978e-61,2.49985243476913e-59,TRUE
"ENSG00000087258.16",-3.38737354141689,2.76441284455919,355.850111983301,5.779441970882e-61,3.88318342682979e-59,TRUE
"ENSG00000099139.14",-2.53627676434092,4.25245572032559,354.216283603066,8.02599005222158e-61,5.37265719273529e-59,TRUE
"ENSG00000150625.16",-4.10660824842329,1.25655841243771,349.846636296738,8.08830220880681e-61,5.39439018900274e-59,TRUE
"ENSG00000050030.16",-3.13155616490072,-0.78345328905679,320.786516873887,2.13301298234793e-60,1.40701009645827e-58,TRUE
"ENSG00000181856.15",-2.67615266481645,2.26137502565546,351.451244505395,2.18039131102171e-60,1.43303245656023e-58,TRUE
"ENSG00000168497.5",-2.88478121919124,3.28282593495904,350.888496168626,2.37003197129631e-60,1.55202745830469e-58,TRUE
"ENSG00000182253.15",-4.21209825245865,5.65669046024934,349.455128469972,3.28880502444925e-60,2.13819647524805e-58,TRUE
"ENSG00000130055.14",-3.24438351171335,2.16272658391693,349.570445194742,3.75391904836442e-60,2.43183988817701e-58,TRUE
"ENSG00000100628.12",-2.93969091613344,2.63935724804799,349.209102153756,4.21736271590614e-60,2.72230763311741e-58,TRUE
"ENSG00000118729.12",-4.2718855001079,2.10163652939811,343.661226140539,1.76640400678455e-59,1.12812671443901e-57,TRUE
"ENSG00000012504.15",-3.85340930583025,1.46551907235597,341.744451691572,1.94260012329851e-59,1.23628713480624e-57,TRUE
"ENSG00000182168.15",-2.30001147819558,1.86983709638474,342.607758726233,3.11113232825531e-59,1.97300370880303e-57,TRUE
"ENSG00000176641.11",-2.72198348106027,3.38465294864521,342.014337472739,3.4099806316663e-59,2.15496468310268e-57,TRUE
"ENSG00000007306.15",-4.32727885321975,8.707821340346,340.68976978394,4.58920170015762e-59,2.88004276141142e-57,TRUE
"ENSG00000176533.13",-2.55011167232645,2.04099946576527,339.651361103181,7.68284454773328e-59,4.78826663295625e-57,TRUE
"ENSG00000165410.15",-2.45946030650089,3.96133483381898,338.24735097846,1.02175525321719e-58,6.34611836654553e-57,TRUE
"ENSG00000133392.18",-4.40891043459107,9.10213424559122,337.812636437416,1.1043822581341e-58,6.83582360736837e-57,TRUE
"ENSG00000048462.11",-3.25563630721715,1.34437679509945,336.453146319013,1.24660851760074e-58,7.68983015259924e-57,TRUE
"ENSG00000104332.12",-4.10178542464879,2.87723103703512,337.854578580876,1.33230729105258e-58,8.19051767975655e-57,TRUE
"ENSG00000129167.9",-3.40714610890112,0.927714388522738,333.575280739868,1.40607445228967e-58,8.61470835616391e-57,TRUE
"ENSG00000166816.15",-2.94611471751498,4.17869418478283,336.730497792342,1.62120220693143e-58,9.89919212435091e-57,TRUE
"ENSG00000105894.12",-2.54861803502875,1.83957374718344,336.055651458251,2.25321455874484e-58,1.37119865100183e-56,TRUE
"ENSG00000075073.15",-3.73265476194797,2.96910715950182,333.850829884413,4.47804292845313e-58,2.6978715962954e-56,TRUE
"ENSG00000163017.14",-4.17509806767361,8.2138286839561,329.7242137353,1.32570829631227e-57,7.93405687004901e-56,TRUE
"ENSG00000108187.16",-2.30623978509815,4.88438944986925,327.523555657405,2.66464281955273e-57,1.58946383896356e-55,TRUE
"ENSG00000108924.14",-2.51781152539431,1.74071593268401,327.673022327902,2.90579932784822e-57,1.72761240301081e-55,TRUE
"ENSG00000144712.12",-2.19861941589742,0.600239850157415,322.973742330259,4.69433082820899e-57,2.7727233787271e-55,TRUE
"ENSG00000147655.12",-3.53766528868176,0.417513219566446,315.297557492682,5.2929787167278e-57,3.09596431476175e-55,TRUE
"ENSG00000286346.1",-2.86787150753765,-1.16142633896445,293.413171553761,5.5301831020252e-57,3.22427514148398e-55,TRUE
"ENSG00000059915.17",-3.44179604545458,3.10029712253316,325.576058970993,5.59135485735002e-57,3.24945812513647e-55,TRUE
"ENSG00000065320.9",-2.67464411933265,2.94123321745644,323.794208298888,9.56018822661037e-57,5.5381680130691e-55,TRUE
"ENSG00000179314.14",-3.04907733126765,3.30830992699737,322.916594443933,1.22943515666722e-56,7.07669140815395e-55,TRUE
"ENSG00000183287.14",-3.5014501412449,1.21461634305613,319.835008957578,1.63755828771952e-56,9.36621154817801e-55,TRUE
"ENSG00000127129.10",-2.90436526203563,0.790939610999757,318.248208714754,1.81202145066019e-56,1.0331380346761e-54,TRUE
"ENSG00000162373.13",-2.30584243756601,-0.333128344834097,307.977748015271,1.93040703068501e-56,1.09717536706292e-54,TRUE
"ENSG00000166869.3",-3.94417593082758,5.61735287401691,320.162530114738,2.6231050850611e-56,1.48620693753587e-54,TRUE
"ENSG00000149294.17",-2.87225525431333,2.48164411270916,320.568952905206,2.72059488300207e-56,1.5366259973556e-54,TRUE
"ENSG00000079385.23",-2.30505103326198,8.07138537486665,319.631632754618,3.04337587008172e-56,1.71358179052514e-54,TRUE
"ENSG00000124205.18",-3.33167224876621,3.60925100771021,319.915827395261,3.07601337402977e-56,1.7265796808141e-54,TRUE
"ENSG00000174944.9",-2.54262887181603,1.72157023703207,319.28545141934,3.89867382026483e-56,2.17483427862551e-54,TRUE
"ENSG00000092051.17",-2.41970574635937,-0.871055640930278,294.430778964746,8.35816468818333e-56,4.61973910012922e-54,TRUE
"ENSG00000158246.8",-2.92776704815624,1.33583838285233,315.212822121447,1.06340071069321e-55,5.84191624470184e-54,TRUE
"ENSG00000016602.9",-5.36344818105773,6.89544526431868,315.502718372164,1.12161776988539e-55,6.14306653724499e-54,TRUE
"ENSG00000154645.14",-2.70617786919037,-0.477516063366703,298.032675905393,1.29018648274411e-55,7.04496389399308e-54,TRUE
"ENSG00000205221.12",-2.56116148118822,-0.726090022966879,291.327443437239,4.0218325683796e-55,2.17636532457763e-53,TRUE
"ENSG00000250722.6",-3.04810884711077,5.9538556154653,311.181037547257,4.34719586628979e-55,2.34540949514393e-53,TRUE
"ENSG00000117115.13",-3.23724973120644,6.69593982649968,309.95417229891,6.38252871816644e-55,3.43326857298037e-53,TRUE
"ENSG00000168913.7",-2.48382299167992,-1.0715568643812,282.341798790436,8.72998433793095e-55,4.68206934491881e-53,TRUE
"ENSG00000248144.6",-4.02042972634429,5.81083352874282,308.980890329042,8.78129791158462e-55,4.69565616727753e-53,TRUE
"ENSG00000105609.17",-2.67672495899766,2.1354122435537,308.811960653806,1.08809943209123e-54,5.80127113145043e-53,TRUE
"ENSG00000109182.12",-3.96358291519767,2.67320873525276,308.066454515757,1.3733312402836e-54,7.30046730496641e-53,TRUE
"ENSG00000163431.13",-3.40330079311702,5.09464253219647,307.114513172351,1.5973098710759e-54,8.41684507575095e-53,TRUE
"ENSG00000144218.19",-2.83296477588595,1.15698473501315,306.066554497434,1.70357286986742e-54,8.92474668115472e-53,TRUE
"ENSG00000105696.9",-2.84032647019383,-0.34447509021821,292.121120811882,1.72819352434922e-54,9.0275635141872e-53,TRUE
"ENSG00000196616.14",-4.32864901949495,4.04908012734604,306.906218257256,1.84871637314309e-54,9.60163785292763e-53,TRUE
"ENSG00000154165.5",-3.59291519471049,1.95155056705658,306.172568452744,2.24542378268274e-54,1.15953684137737e-52,TRUE
"ENSG00000137727.12",-2.4899669580118,0.449041341260216,301.302867733926,2.93700798059762e-54,1.51234992140517e-52,TRUE
"ENSG00000122971.9",-2.1128668762794,6.18805719598733,304.900678677296,3.16882323501681e-54,1.6270827031163e-52,TRUE
"ENSG00000156298.13",-2.61873626742928,4.13280881591942,304.35553098202,3.91772483100738e-54,2.00591950695828e-52,TRUE
"ENSG00000135678.12",-2.43893287466638,4.54581232949846,304.231905956849,4.00578935429978e-54,2.04521572852018e-52,TRUE
"ENSG00000183134.5",-2.60532041515402,1.2397563768576,303.189964637508,4.74619853849233e-54,2.41641668689325e-52,TRUE
"ENSG00000184905.9",-3.53202834775063,0.0319045803203681,290.239859056074,5.7409178153509e-54,2.91464462344528e-52,TRUE
"ENSG00000145362.20",-2.96438600471528,2.8323012668553,303.197520432434,6.27813715591837e-54,3.17846081109436e-52,TRUE
"ENSG00000120057.5",-3.57477383798702,-0.0195913573926652,288.580948670492,7.34191242548668e-54,3.70664036810744e-52,TRUE
"ENSG00000125144.14",-3.38141266842384,5.94658228419402,301.414612332256,9.65863599273862e-54,4.8357392502149e-52,TRUE
"ENSG00000156218.13",-3.05301521500496,1.92917032283072,301.645622924894,1.02070188302846e-53,5.09617840714265e-52,TRUE
"ENSG00000166183.16",-3.14693072771422,1.37453291423838,300.353809678706,1.09914930062977e-53,5.47273401090424e-52,TRUE
"ENSG00000169860.7",-2.42937089378264,3.53759433831704,300.508314830341,1.37470685895904e-53,6.78864802426931e-52,TRUE
"ENSG00000108405.4",-2.30151535985745,1.36364754701302,300.05218554047,1.5175466282151e-53,7.47360701862662e-52,TRUE
"ENSG00000160191.18",-2.56440334251251,4.95764207314298,299.890802042816,1.58661440733082e-53,7.79251869513511e-52,TRUE
"ENSG00000122756.15",-3.88360844485993,1.69337205440485,296.438977021842,3.87652748905787e-53,1.89876308501984e-51,TRUE
"ENSG00000152763.17",-2.18746388020195,2.01531569272035,296.635456800844,5.23240778936828e-53,2.55596049689303e-51,TRUE
"ENSG00000091138.13",-4.62820347199795,8.93208099412071,296.086932478451,5.28664547621527e-53,2.57549407916751e-51,TRUE
"ENSG00000139910.20",-2.9115489106329,0.379718423180662,289.904661581516,7.11955993225601e-53,3.44983716395698e-51,TRUE
"ENSG00000229619.4",-2.57201464627648,2.14685539806041,295.547541223489,7.41520161144533e-53,3.57392943800701e-51,TRUE
"ENSG00000064205.10",-3.52333148404532,1.11957676737757,291.437662360342,1.21835890952992e-52,5.7796900080955e-51,TRUE
"ENSG00000021488.13",-4.20514892755572,1.33332584195332,287.058413163198,3.36206548134615e-52,1.57018014237339e-50,TRUE
"ENSG00000145936.9",-3.21560787628469,3.32203938025935,289.076588685948,5.63457302950539e-52,2.60458498555704e-50,TRUE
"ENSG00000100448.4",-3.23569671764094,0.695170418368174,282.186425497303,1.4075081406625e-51,6.44032965426176e-50,TRUE
"ENSG00000180616.9",-2.30298129689713,0.603599549258596,283.444259541776,1.54880136763462e-51,7.06894846430005e-50,TRUE
"ENSG00000141574.8",-2.94753357025781,5.40259858979901,285.06229851197,1.89238678869564e-51,8.59371829620227e-50,TRUE
"ENSG00000152578.13",-2.50153958029597,-1.05817634794144,263.369543861277,2.02834999821427e-51,9.18806964103374e-50,TRUE
"ENSG00000107562.16",-2.54315044752542,5.05062066703239,283.555282112922,3.10184664089231e-51,1.39807421913934e-49,TRUE
"ENSG00000144619.15",-2.37331345541803,1.55244427645144,283.786161427834,3.11604022786724e-51,1.40097788752419e-49,TRUE
"ENSG00000231246.2",-2.44539404944782,0.260235372742596,278.427838794107,3.41526528605083e-51,1.53169987047352e-49,TRUE
"ENSG00000112276.14",-2.65404756080298,1.59051763831986,282.982234409095,3.9744678296419e-51,1.77369213710982e-49,TRUE
"ENSG00000080031.10",-2.05422499248851,5.87424966661076,281.041528301203,6.98860438974845e-51,3.1111338852294e-49,TRUE
"ENSG00000186417.14",-2.50096343855614,1.32311616530556,280.828324135633,7.29968191507253e-51,3.23623753282088e-49,TRUE
"ENSG00000114455.13",-2.78028608872678,5.60630709456786,280.915729377248,7.30543827260661e-51,3.23623753282088e-49,TRUE
"ENSG00000176387.7",-2.35882854674968,7.37396282467571,280.76620920644,7.62075939659505e-51,3.35945378863559e-49,TRUE
"ENSG00000282608.2",-2.19611811308983,0.602330390341902,278.674621865031,7.76683446604612e-51,3.4155174243143e-49,TRUE
"ENSG00000113303.12",-3.27633871540618,4.17298007909989,279.118159916505,1.36938525646198e-50,5.97832587567483e-49,TRUE
"ENSG00000154330.13",-3.34425439273396,4.49558757315915,278.689381536827,1.55712507373123e-50,6.78156110424537e-49,TRUE
"ENSG00000146469.13",-3.42892993223224,2.40202458900826,278.288136932589,1.9920613345433e-50,8.61352070826211e-49,TRUE
"ENSG00000138944.8",-2.97694422890813,1.96531485311634,276.565055945519,3.43514714110032e-50,1.48178638253573e-48,TRUE
"ENSG00000173237.4",-3.72889525152205,2.59797766868309,276.016990113625,4.19960712627638e-50,1.80293822328549e-48,TRUE
"ENSG00000077157.22",-2.55456733958409,6.36818854044405,275.457540951428,4.37121245814116e-50,1.87216336418112e-48,TRUE
"ENSG00000179674.4",-2.28190681518748,3.52215035319327,274.907319018852,5.54908918110509e-50,2.3710221716145e-48,TRUE
"ENSG00000175356.14",-2.50688202000134,2.43907235381664,275.109468654776,5.62505125964327e-50,2.39781076572624e-48,TRUE
"ENSG00000172020.13",-3.01397386219931,0.377924705810362,269.577522469055,6.01355356381571e-50,2.55738746146836e-48,TRUE
"ENSG00000129244.9",-2.27126775707914,0.181483342213444,269.750602386812,6.36645778807483e-50,2.70111169158837e-48,TRUE
"ENSG00000172318.5",-3.21986904324322,1.5376555478542,273.426382478615,8.05666760807176e-50,3.39431725753587e-48,TRUE
"ENSG00000154175.18",-2.90999952682496,3.4408596802372,273.454162333786,9.12407361122626e-50,3.83508154533264e-48,TRUE
"ENSG00000184434.8",-2.75526443998347,5.05407022040979,272.090006531685,1.34484512037322e-49,5.61356367335464e-48,TRUE
"ENSG00000170153.11",-3.03568633737468,2.4073530805944,272.147695097464,1.50479005736444e-49,6.26672246470158e-48,TRUE
"ENSG00000128591.16",-3.29538323498041,6.39728632562446,271.653007422652,1.53845727113257e-49,6.39220154447128e-48,TRUE
"ENSG00000118526.7",-2.13167833100221,1.63354471618585,271.768693889271,1.65133124435229e-49,6.82978510536001e-48,TRUE
"ENSG00000173175.15",-2.86606949474471,2.82208502773153,271.574955581124,1.77614110789725e-49,7.3292178959212e-48,TRUE
"ENSG00000170381.14",-3.35083439534881,0.175584015088224,262.735516909568,2.05204483943672e-49,8.44844155534834e-48,TRUE
"ENSG00000105737.9",-2.76349695062803,0.72833244228997,267.816084609991,2.70700131980447e-49,1.10944085837066e-47,TRUE
"ENSG00000135916.16",-2.21656775905027,9.37391567609398,269.235483610737,3.41955328104794e-49,1.39514686233996e-47,TRUE
"ENSG00000066230.12",-3.54858483045637,5.31751647769381,269.044899454238,3.69661923140045e-49,1.50479045018765e-47,TRUE
"ENSG00000105784.15",-2.39215320306075,1.25773045410171,267.273395293511,6.36131602028569e-49,2.56067763364462e-47,TRUE
"ENSG00000163687.14",-3.32271369665075,2.36812186865252,267.71249530373,6.52583993240506e-49,2.6210673541842e-47,TRUE
"ENSG00000198467.16",-2.61555516169846,7.59108401779642,266.466510264434,8.59848062823086e-49,3.43825086005851e-47,TRUE
"ENSG00000173320.12",-2.35085559933124,0.384294314441245,263.179548865642,9.12474935388429e-49,3.64063399165794e-47,TRUE
"ENSG00000132517.15",-2.78602422484078,0.834955858458409,264.480050201151,9.27307823145595e-49,3.69166554967698e-47,TRUE
"ENSG00000137094.15",-2.38658788933969,2.81650721605844,266.36023281852,9.90544288987367e-49,3.92611786823633e-47,TRUE
"ENSG00000137273.6",-2.20488939241482,2.73118173838817,266.147536627042,1.06696385029827e-48,4.21976031297395e-47,TRUE
"ENSG00000130822.16",-3.36717007511158,1.61487332150033,265.569726540027,1.08671680050756e-48,4.28849769702482e-47,TRUE
"ENSG00000086696.11",-3.26055645550944,4.57855069191563,265.050402205017,1.4175765002608e-48,5.58197770494851e-47,TRUE
"ENSG00000135447.17",-3.3093289889412,0.562759684889129,260.647109000573,1.4879749191308e-48,5.84644754095002e-47,TRUE
"ENSG00000175600.16",-2.11655156354802,1.7792379385417,264.260013957006,2.04356178816584e-48,7.97739433246422e-47,TRUE
"ENSG00000157111.13",-2.28057303609938,4.42075405889679,263.46139114669,2.39799225833435e-48,9.30071074616634e-47,TRUE
"ENSG00000112782.19",-2.09205230200152,6.12595072662595,261.709769322846,4.23197311096716e-48,1.63088874216675e-46,TRUE
"ENSG00000143603.19",-2.1802299165206,2.22851280005765,261.923017877468,4.49624540865922e-48,1.72904552161929e-46,TRUE
"ENSG00000164342.13",-2.02316522260713,3.66434222132803,261.602824049427,4.57414683256482e-48,1.75526814971925e-46,TRUE
"ENSG00000039987.7",-3.76446414105019,2.57591550460821,261.832047705859,4.63324026268192e-48,1.77417763787528e-46,TRUE
"ENSG00000181541.6",-3.04614159261549,2.50247570232735,261.265547108688,5.60369173171914e-48,2.14124998645014e-46,TRUE
"ENSG00000172403.11",-3.61118771762901,6.46812951711258,260.517582571514,6.31973594336742e-48,2.40469278821943e-46,TRUE
"ENSG00000132514.14",-2.70577587103327,2.02869847783032,260.209999606955,7.95515194271581e-48,3.01428545519173e-46,TRUE
"ENSG00000100604.13",-4.5176857194873,5.15489987865969,259.575850669977,8.91067200906727e-48,3.36224396433991e-46,TRUE
"ENSG00000259459.6",-2.80367646014632,0.706522833809603,257.062356132386,9.92731218399467e-48,3.73804667528166e-46,TRUE
"ENSG00000226306.6",-3.26121370913738,-0.0519321691458278,249.053062765209,1.1941394565319e-47,4.47777521521941e-46,TRUE
"ENSG00000166405.15",-2.6471180058914,-0.779332544433035,243.438556405373,1.2820378007228e-47,4.79742261082067e-46,TRUE
"ENSG00000196502.12",-2.25663746848345,4.34140966681802,258.169531404846,1.41989534455357e-47,5.29137906339408e-46,TRUE
"ENSG00000128383.13",-2.68604415812004,0.333777339916387,253.784481724184,1.5762212667444e-47,5.86185662039881e-46,TRUE
"ENSG00000164120.14",-2.80355459665734,5.63018919901286,256.692961400142,2.29813405365919e-47,8.51157272250742e-46,TRUE
"ENSG00000198300.14",-2.55010369655667,-0.455857560001824,245.518217227051,2.56138350591077e-47,9.46716676601866e-46,TRUE
"ENSG00000204136.11",-2.26849167388152,1.46905713308112,255.873283124463,3.21446459292603e-47,1.18326340229216e-45,TRUE
"ENSG00000154721.15",-2.33434850360862,2.68527086515823,255.322331091848,4.0410603753828e-47,1.4845147403388e-45,TRUE
"ENSG00000144063.4",-2.31236532538095,3.91138316817078,255.018166224841,4.17466840913692e-47,1.53048593969048e-45,TRUE
"ENSG00000254827.6",-2.03290215259053,2.78614314339184,254.373144443621,5.50948724804941e-47,2.0116863135605e-45,TRUE
"ENSG00000136842.14",-2.66752207640611,1.16147271333065,253.538844502615,5.78021932137989e-47,2.10628395190766e-45,TRUE
"ENSG00000180155.20",-2.48640283785011,1.60704894287733,253.79342779364,6.60708481709032e-47,2.39792070249177e-45,TRUE
"ENSG00000116194.13",-3.61657361577919,2.03296955475534,253.529171353587,7.16467468291824e-47,2.59507675789708e-45,TRUE
"ENSG00000259680.5",-2.6676869533556,-1.11520597845284,233.666150459947,8.80469785160567e-47,3.18272217939842e-45,TRUE
"ENSG00000154822.18",-2.32550304358955,3.16697183274312,252.377743218318,1.05962719136326e-46,3.81508005113536e-45,TRUE
"ENSG00000149596.7",-3.08213045230437,3.35890936850034,252.118117824751,1.1626964375378e-46,4.17784799444496e-45,TRUE
"ENSG00000145681.11",-2.3383025910801,1.74043778771308,251.835156869401,1.31973096856493e-46,4.71399555846692e-45,TRUE
"ENSG00000006740.17",-2.17412835191865,4.29681837927799,250.732608194052,1.76163574334337e-46,6.25536432714895e-45,TRUE
"ENSG00000127951.8",-2.51339845566766,4.84633531071133,250.66214859906,1.78910061492972e-46,6.34043225769408e-45,TRUE
"ENSG00000124772.12",-2.01856344619612,2.88379415324979,250.597037678442,1.96701636677507e-46,6.95730994385373e-45,TRUE
"ENSG00000145287.11",-2.9961132465201,6.20825065250878,249.911734146219,2.28574197251121e-46,8.05311898853171e-45,TRUE
"ENSG00000198523.6",-3.32608847068771,3.82477367060336,249.26226661975,3.00548056111648e-46,1.05477777983727e-44,TRUE
"ENSG00000170703.15",-2.29179704593284,1.45614525644568,249.100847843587,3.17126165461611e-46,1.11080199894441e-44,TRUE
"ENSG00000113196.3",-3.91690262885845,1.19098290635255,245.011491377674,6.05597699605977e-46,2.10897356891685e-44,TRUE
"ENSG00000235049.1",-2.51762927226404,-1.09636006045878,229.483686533843,6.28044369323882e-46,2.17874739561609e-44,TRUE
"ENSG00000181804.15",-2.0597031727786,1.89256538935834,247.239451635571,6.41949927517861e-46,2.22272087930226e-44,TRUE
"ENSG00000174640.15",-2.16085522091969,4.996118534148,246.229038912274,8.09621779938402e-46,2.7925771088944e-44,TRUE
"ENSG00000171714.12",-3.04217559076579,1.24451622425321,245.674057412233,8.19537894864627e-46,2.82139579272062e-44,TRUE
"ENSG00000167641.11",-2.49605829061825,3.04633263818201,245.952604980157,9.56695069640321e-46,3.28732066324699e-44,TRUE
"ENSG00000152580.8",-2.68662771179646,0.813021932079679,243.511983597618,1.29614106517057e-45,4.42844113646369e-44,TRUE
"ENSG00000058668.15",-2.07796076728078,6.26305793164273,244.311031691486,1.54949921164292e-45,5.26723663975697e-44,TRUE
"ENSG00000166448.15",-2.42079980406182,-0.197700734180514,237.495989890442,1.55038723710894e-45,5.26723663975697e-44,TRUE
"ENSG00000141052.18",-2.87065928926113,2.71711585547815,244.551578544294,1.58738073024537e-45,5.38279912166133e-44,TRUE
"ENSG00000099834.19",-2.45859361057535,7.4506582869624,242.885269470643,2.52423362418069e-45,8.48011124971036e-44,TRUE
"ENSG00000006747.15",-2.67719201888718,4.48089171975545,242.116253339671,3.35552350595624e-45,1.11690113898072e-43,TRUE
"ENSG00000143340.6",-2.03306448916334,-0.910547091176493,228.646636995582,3.79392092171473e-45,1.25818948145086e-43,TRUE
"ENSG00000112936.19",-3.61142140022319,4.25604658695196,241.36980922096,4.4218808245293e-45,1.46107996384904e-43,TRUE
"ENSG00000112186.12",-2.08568124679889,2.5221773876923,241.403724772126,4.66226663713962e-45,1.53769721167265e-43,TRUE
"ENSG00000177098.9",-2.09626230985287,1.33502786592309,240.910539090779,5.14387381350515e-45,1.69344945911279e-43,TRUE
"ENSG00000164270.18",-2.83735013607751,0.341144085140209,236.187055011873,6.89553722746299e-45,2.25370596472271e-43,TRUE
"ENSG00000140323.6",-2.26835862406319,2.60608671310457,239.381189733493,9.34197902095225e-45,3.04228700585029e-43,TRUE
"ENSG00000175906.5",-2.18772571918636,1.76088970508935,238.8432889384,1.13166579698826e-44,3.67872798826722e-43,TRUE
"ENSG00000198121.13",-2.07755009590981,3.51227747998396,237.45152704359,1.72231221755387e-44,5.57868656273631e-43,TRUE
"ENSG00000149591.17",-2.84872486509696,8.0260517527318,236.82701506481,2.04313120426813e-44,6.59420596177537e-43,TRUE
"ENSG00000155816.20",-3.11207113226855,0.00516561642413122,229.959035905425,2.09391029191182e-44,6.74604895116119e-43,TRUE
"ENSG00000100626.17",-2.59302821090467,0.738054364166956,235.183088404568,2.22689094825357e-44,7.16171298909876e-43,TRUE
"ENSG00000160307.10",-2.31898001530507,1.85748710656452,236.83883485229,2.26974506546396e-44,7.28656701832958e-43,TRUE
"ENSG00000048540.15",-3.34002079425129,2.36595903433783,236.512595123797,2.55813341914208e-44,8.18331033939361e-43,TRUE
"ENSG00000082397.17",-2.61542549947816,4.58973340670908,234.215486544172,5.14450272786461e-44,1.60868066268901e-42,TRUE
"ENSG00000105366.15",-2.27411747522261,0.0911973704981622,229.894598048198,5.35231339480558e-44,1.66824473928829e-42,TRUE
"ENSG00000066629.18",-2.17698218069551,3.37579772651874,233.977373111917,5.78973295074425e-44,1.79491652404377e-42,TRUE
"ENSG00000179639.10",-2.35186476193995,-0.0741565081143334,228.18924386066,6.32761502266264e-44,1.95496263110435e-42,TRUE
"ENSG00000197380.11",-2.44742656427155,2.49810441300609,233.102120048505,8.27797404516655e-44,2.54882628436696e-42,TRUE
"ENSG00000205683.11",-2.26215864286009,1.21893751821645,232.413140328935,9.22922518248249e-44,2.82727145674896e-42,TRUE
"ENSG00000167701.14",-2.84627973524063,3.85416276033913,231.496506313362,1.35828171277146e-43,4.14688913456611e-42,TRUE
"ENSG00000100197.22",-2.52522580708672,1.42591864805242,231.085961372926,1.51585907823829e-43,4.61239679799308e-42,TRUE
"ENSG00000106278.12",-2.96989650994785,-0.260040420143265,221.402121320088,2.31440905913974e-43,6.97177155581528e-42,TRUE
"ENSG00000103184.12",-2.33863981011253,-0.394251191768905,221.607609551909,2.68034561840021e-43,8.04727021710388e-42,TRUE
"ENSG00000240771.8",-2.16163919353563,0.932947052260895,228.620453349355,3.0051314299163e-43,8.99250752720317e-42,TRUE
"ENSG00000131781.13",-2.02870373278425,4.4563444064058,228.385831209433,3.93284717633171e-43,1.17297491526434e-41,TRUE
"ENSG00000150471.16",-2.35000601712367,1.43335565007714,227.507220635567,5.48845238714783e-43,1.62620144992311e-41,TRUE
"ENSG00000101955.15",-2.52280132773388,2.95785805319521,227.57181859783,5.56937405762835e-43,1.64747736035311e-41,TRUE
"ENSG00000139200.14",-2.27435850105888,-0.186122187154182,221.078131345763,6.46814309004596e-43,1.9070998076589e-41,TRUE
"ENSG00000079308.19",-2.68895999842647,7.0121691096264,226.450479330684,7.64140895957416e-43,2.24570448024949e-41,TRUE
"ENSG00000189233.12",-2.4024139265065,0.318276933819032,223.367475331642,8.71439443951732e-43,2.55688255032201e-41,TRUE
"ENSG00000106809.11",-3.64616571331506,2.73758350265551,226.005600482715,9.94702728319272e-43,2.91381800836994e-41,TRUE
"ENSG00000271569.1",-2.66718757469844,-0.93602437844851,211.703183088735,1.08059537300145e-42,3.16030433197868e-41,TRUE
"ENSG00000170500.13",-3.19439119815549,0.545866965346182,222.529558916114,1.08279530541051e-42,3.16162235056375e-41,TRUE
"ENSG00000154258.17",-2.54863228991916,0.42842967516518,223.037458550315,1.13921426379964e-42,3.32099332321205e-41,TRUE
"ENSG00000156966.7",-3.19704334956907,5.75632811794598,224.146225536872,1.7272984012002e-42,5.00307552937378e-41,TRUE
"ENSG00000089250.19",-3.1105176446781,0.131748209705331,218.894536693206,1.81054110752572e-42,5.23579519638718e-41,TRUE
"ENSG00000174145.8",-2.42433427364221,-0.873646406586067,212.144541103295,1.84714597720228e-42,5.33311763449745e-41,TRUE
"ENSG00000131471.7",-2.69506432508536,5.06764628082535,223.806539412709,1.95601134966431e-42,5.63842888896855e-41,TRUE
"ENSG00000203867.8",-2.42636784228213,-0.344451602006637,216.709073388936,1.96403167421634e-42,5.65253319741818e-41,TRUE
"ENSG00000242534.2",-3.00833429894964,-0.476635502211163,214.38109522764,2.17699598854084e-42,6.2455596026805e-41,TRUE
"ENSG00000168903.9",-2.77268926232488,4.29861537789276,223.058271205897,2.58107465123827e-42,7.39308133858645e-41,TRUE
"ENSG00000256643.1",-2.43476318518786,1.21296503582323,222.374884469395,3.04066559971449e-42,8.69572627361387e-41,TRUE
"ENSG00000171431.4",-2.75203221423775,8.74927755846758,222.310217826019,3.28537224339192e-42,9.3806979347655e-41,TRUE
"ENSG00000237111.1",-2.52097016863858,-1.04205591668078,208.761989948559,3.56878561338534e-42,1.01738534978433e-40,TRUE
"ENSG00000109906.14",-3.25392169171263,2.22189949344503,221.696405502447,4.51730490165014e-42,1.28373850302554e-40,TRUE
"ENSG00000134962.7",-2.07069266982397,0.115137790148297,217.612761820647,5.6100443740696e-42,1.58927808803972e-40,TRUE
"ENSG00000241635.8",-2.58505799416507,0.386797797782581,216.913933074322,8.93789925289704e-42,2.51625531303522e-40,TRUE
"ENSG00000117472.10",-2.24313039376922,8.81491510715032,219.46657313976,8.99169554589185e-42,2.527463534937e-40,TRUE
"ENSG00000102010.15",-2.30344068426809,1.14451729296321,218.074110216233,1.38119061573644e-41,3.85836772624735e-40,TRUE
"ENSG00000101680.15",-2.47127719982567,2.24538754759286,218.329721968665,1.49242493077759e-41,4.1541881147655e-40,TRUE
"ENSG00000136274.9",-2.07266015673067,0.867421856952905,217.261458339451,1.63029484326977e-41,4.51931733086776e-40,TRUE
"ENSG00000133083.15",-2.63516012817988,1.51241939937639,217.501299296339,1.87073771251423e-41,5.17790404532652e-40,TRUE
"ENSG00000118407.15",-2.34184025453828,0.88497747525767,216.400597354497,2.17700508268354e-41,6.00720455945379e-40,TRUE
"ENSG00000109265.14",-2.07905336082339,3.92218089372811,216.184877265407,2.96376270020863e-41,8.14088860844539e-40,TRUE
"ENSG00000107518.18",-2.82315852526134,-0.0378614107982215,210.532703135672,3.2656582896304e-41,8.94295574648179e-40,TRUE
"ENSG00000178462.12",-2.57859093001047,3.30279782198264,215.090858682227,4.50619698280403e-41,1.22106453174213e-39,TRUE
"ENSG00000146013.11",-2.75138211115556,0.398840991142264,211.390550994781,6.21934803726558e-41,1.67025997660532e-39,TRUE
"ENSG00000225523.2",-3.23647348410976,0.559616230864219,211.08061161363,6.36479130321559e-41,1.70378216101739e-39,TRUE
"ENSG00000099866.15",-2.42974115087491,0.872838995979472,212.352026212418,8.76704965600185e-41,2.33023022768496e-39,TRUE
"ENSG00000118308.15",-2.32949181916136,1.99836952287229,213.146700814926,9.43074544533735e-41,2.49562654727712e-39,TRUE
"ENSG00000132465.12",-3.68910779499527,9.05902760216412,212.13867789364,1.22594683947802e-40,3.22060511289619e-39,TRUE
"ENSG00000286039.1",-2.18251234492282,-0.852032193963019,202.194627042408,1.2900280910194e-40,3.3840301476175e-39,TRUE
"ENSG00000151892.15",-2.83593578873308,2.36470202427204,211.893112539615,1.47652393326405e-40,3.86203959042177e-39,TRUE
"ENSG00000145384.4",-3.1546177910742,3.67086925638924,211.213291957173,1.78892453387079e-40,4.63888407821818e-39,TRUE
"ENSG00000167080.9",-4.14028083355931,4.73975582226655,210.774403148754,2.05343124726047e-40,5.30195948042654e-39,TRUE
"ENSG00000139117.14",-2.04651412392061,2.85703411308564,210.647612191173,2.23725426220783e-40,5.76835000501347e-39,TRUE
"ENSG00000136011.15",-2.01067690941316,0.00560507361397755,206.881624320606,2.33095869901052e-40,6.00138853645529e-39,TRUE
"ENSG00000174992.8",-4.63673910386614,7.3611844776609,210.278666793885,2.39378639686498e-40,6.14563854217865e-39,TRUE
"ENSG00000231292.6",-2.93080087835099,1.05966080394666,209.485335083057,2.4205434644709e-40,6.20551809600669e-39,TRUE
"ENSG00000046653.15",-2.29402165227863,2.28190740501181,208.512532238772,4.95227002565824e-40,1.25712539949083e-38,TRUE
"ENSG00000196196.3",-2.50395022711787,3.20197829844645,208.316234544378,5.11921683434219e-40,1.29586449669329e-38,TRUE
"ENSG00000124939.6",-2.6271092526323,-0.0836248732375372,202.502536179586,6.2464674594647e-40,1.57459766893117e-38,TRUE
"ENSG00000196620.10",-3.18038689939784,2.85765487808372,207.697219835214,6.58108860222847e-40,1.65663781889523e-38,TRUE
"ENSG00000259823.6",-3.57578486454934,5.43702200711126,207.218341053578,7.25263493321101e-40,1.82061283031744e-38,TRUE
"ENSG00000188828.12",-2.49658321597226,0.470889344280663,205.149430915247,7.55035947451015e-40,1.89272118089177e-38,TRUE
"ENSG00000092421.17",-2.29786275789783,4.96247613680107,206.065603800422,1.0992337997131e-39,2.74413697458765e-38,TRUE
"ENSG00000109846.9",-2.39476761880119,3.86616864281576,205.252099222638,1.50398198856104e-39,3.7493752360348e-38,TRUE
"ENSG00000111863.13",-3.07386767223292,4.32082689099285,204.692870861929,1.83151171774386e-39,4.54084263189334e-38,TRUE
"ENSG00000287090.1",-2.00928262194922,-0.470941134808731,197.018076906541,3.17974172162049e-39,7.77681351509725e-38,TRUE
"ENSG00000166510.14",-2.0263551329428,4.04963372009065,202.297033059438,4.35596005907387e-39,1.06104612004988e-37,TRUE
"ENSG00000223573.7",-2.80920522641328,0.961123260926062,201.456375508244,4.49123707944246e-39,1.09252515442588e-37,TRUE
"ENSG00000173597.9",-2.61740644160419,6.40358676308771,201.827296121476,5.07231130940237e-39,1.23221713180294e-37,TRUE
"ENSG00000172935.9",-2.42580281074926,3.14733917993028,201.928681315639,5.15240857086375e-39,1.24999506724552e-37,TRUE
"ENSG00000090659.18",-2.28047301136247,2.36196863418791,201.648802891176,5.89359814227684e-39,1.4240761072662e-37,TRUE
"ENSG00000072163.20",-2.38739892268563,4.73715427362374,200.81267526675,7.4026655450345e-39,1.7791991630446e-37,TRUE
"ENSG00000138722.10",-2.95470772175636,2.45379947578996,200.301631231586,9.64151329256737e-39,2.30503586309342e-37,TRUE
"ENSG00000105492.16",-2.06354091248066,-0.424495542114204,194.384067723935,9.82030648385751e-39,2.34158600777362e-37,TRUE
"ENSG00000165821.12",-2.16615410636562,1.16503316683412,199.877194031871,1.00178153078496e-38,2.38553351612745e-37,TRUE
"ENSG00000118160.14",-2.7979517784434,0.359002906452252,197.346270992383,1.02910807964499e-38,2.44738150414519e-37,TRUE
"ENSG00000259490.2",-2.37859346012821,-1.18164222854139,187.024834402347,1.36870371474936e-38,3.24219540503013e-37,TRUE
"ENSG00000135333.14",-3.31838626212904,2.04222765349262,198.710037965853,1.69227235157833e-38,3.99296742590428e-37,TRUE
"ENSG00000074410.14",-2.21655850461922,7.37322415901898,198.423239912067,1.75077002558949e-38,4.12560853226915e-37,TRUE
"ENSG00000159307.19",-2.09751004987495,1.94497009684753,198.653303057013,1.75742759978835e-38,4.13590448418941e-37,TRUE
"ENSG00000166501.14",-2.28515660189372,3.03448342812371,198.2043048638,2.00419602791617e-38,4.70439467643595e-37,TRUE
"ENSG00000125775.15",-2.17921236043666,5.92449388824715,197.912651221303,2.11407177873579e-38,4.95586683902344e-37,TRUE
"ENSG00000271447.6",-2.5624453748063,3.77380179935339,196.460970737549,3.69713994840744e-38,8.54502652525781e-37,TRUE
"ENSG00000035720.8",-2.17143175655676,-0.498386487970946,189.601532012654,5.15153452836286e-38,1.18308557897878e-36,TRUE
"ENSG00000237807.4",-2.29283386240974,1.32812283991502,195.137380009343,5.90434669921864e-38,1.35082483850225e-36,TRUE
"ENSG00000239975.2",-2.76109829899481,-0.561192412569553,187.91066235302,6.0947527352552e-38,1.39262403207336e-36,TRUE
"ENSG00000064787.13",-2.46926482376312,5.82805615970643,194.298479892134,7.95040828427333e-38,1.80749282176046e-36,TRUE
"ENSG00000118094.12",-2.53993566477201,1.41857355786039,193.795956732066,9.59478050579896e-38,2.16770078577263e-36,TRUE
"ENSG00000148357.16",-2.41334280657904,4.30016677011101,193.724922298103,9.94764052697924e-38,2.24461491741102e-36,TRUE
"ENSG00000138347.16",-2.42887799964249,-0.665125434458059,185.317051679335,1.08361060885321e-37,2.43900101424818e-36,TRUE
"ENSG00000271130.1",-2.48905225996931,-1.05161137961959,182.30005379552,1.12683701300797e-37,2.5331408175505e-36,TRUE
"ENSG00000166391.15",-2.81784830183577,4.93997565412455,193.313991237093,1.14929464722155e-37,2.58041632967482e-36,TRUE
"ENSG00000117281.16",-2.02798369609215,-0.500176101673497,187.001862836936,1.30401475900691e-37,2.91692608345184e-36,TRUE
"ENSG00000242371.1",-2.87757354753947,0.557127645565919,190.142933427019,2.06776214818646e-37,4.5799917973434e-36,TRUE
"ENSG00000127472.11",-2.29574423780968,0.346853158870122,189.157519133583,2.78021034563213e-37,6.10565270801399e-36,TRUE
"ENSG00000171303.7",-2.84526786913991,0.546182053402902,188.702237891691,3.28472584091861e-37,7.16141554267345e-36,TRUE
"ENSG00000166825.15",-3.70017278936106,8.2330156822565,190.165425649678,3.63533460971967e-37,7.90674340987644e-36,TRUE
"ENSG00000211645.2",-2.47770420698947,-0.996826756532235,179.967267235244,3.69409516668951e-37,8.02488894744546e-36,TRUE
"ENSG00000156113.24",-2.79835140806063,4.39948253817876,189.966613951905,3.97489981224764e-37,8.59358124480428e-36,TRUE
"ENSG00000106034.18",-2.18992826099926,3.48615886916173,189.730298466593,4.41503169800903e-37,9.51099915492435e-36,TRUE
"ENSG00000223931.2",-2.50007972092285,-1.1452861358869,178.608622178274,4.88485754581679e-37,1.05105851527491e-35,TRUE
"ENSG00000211445.12",-2.31541470952903,5.33488896752733,189.215864070403,5.18722349079529e-37,1.11082793095538e-35,TRUE
"ENSG00000172831.14",-2.01659875057278,7.74032335133303,187.206017848363,1.08744576009556e-36,2.29877130619498e-35,TRUE
"ENSG00000224041.3",-2.72435253809394,0.900743497503253,185.537176881481,1.60583307021063e-36,3.3787924226993e-35,TRUE
"ENSG00000123119.12",-2.45365424852865,0.0229417905696518,182.694421185373,1.81799646680257e-36,3.81188725533522e-35,TRUE
"ENSG00000073737.17",-3.24773774953294,4.93731415453733,185.725918847031,1.90416692235488e-36,3.98793892869549e-35,TRUE
"ENSG00000205795.4",-2.07786663569056,1.49073670282958,185.489036675141,2.164431191255e-36,4.50690430308097e-35,TRUE
"ENSG00000112175.8",-2.54669195346448,1.53759040778207,185.079831456946,2.47901992959187e-36,5.1441798171577e-35,TRUE
"ENSG00000184347.15",-2.39421114312512,4.0437017690508,185.032996387231,2.48627266940853e-36,5.15331332877175e-35,TRUE
"ENSG00000132185.18",-2.61689152541794,0.52079025503263,183.559320580384,2.53874703680231e-36,5.25003592027059e-35,TRUE
"ENSG00000078596.11",-2.07147094258297,3.16479977734154,184.960921591795,2.61164900336161e-36,5.39462218134374e-35,TRUE
"ENSG00000174827.14",-2.39408124771337,0.771821280694528,184.012976899651,2.82318483780672e-36,5.81827169424387e-35,TRUE
"ENSG00000198074.10",-3.02729603872293,4.87662158639075,184.659688250965,2.83019544302244e-36,5.82607658737899e-35,TRUE
"ENSG00000183690.13",-2.18402886206005,-0.486895013101202,179.138380990411,2.88469442166008e-36,5.9315093261757e-35,TRUE
"ENSG00000132563.16",-2.27476461461276,1.19191479499449,184.373359491712,3.01990051890227e-36,6.20246386120905e-35,TRUE
"ENSG00000075035.10",-2.54421430051918,-0.558984719549766,178.001020996438,3.24412596791249e-36,6.64035478415066e-35,TRUE
"ENSG00000171916.17",-2.79789297841144,2.40136918288749,183.573202522781,4.53717908837659e-36,9.23479446433767e-35,TRUE
"ENSG00000181195.11",-2.91441586145539,-0.496531191192327,176.386303992928,5.23843316325194e-36,1.0578708490795e-34,TRUE
"ENSG00000258986.7",-2.55926526118281,-0.923976685948766,173.807432100296,6.32063562955745e-36,1.27215109541895e-34,TRUE
"ENSG00000186715.11",-2.21673076729834,0.0974955141032361,179.36880514145,7.95775295848698e-36,1.59455018815625e-34,TRUE
"ENSG00000176928.7",-2.18491835151257,1.24168167655939,181.163708330124,1.0248077756594e-35,2.03990922216608e-34,TRUE
"ENSG00000197888.2",-4.04110745948952,6.32808054523817,181.037187739762,1.08669967961559e-35,2.15835274828265e-34,TRUE
"ENSG00000127249.15",-2.4765838290538,1.10311684287154,180.558405479571,1.19873217184942e-35,2.3730432939766e-34,TRUE
"ENSG00000136872.20",-3.52434021564285,6.35384212722679,179.881397836101,1.67403201375807e-35,3.29591008896116e-34,TRUE
"ENSG00000147614.4",-2.00784345414846,0.295395396130947,178.102221158383,1.79521795950965e-35,3.53066043527501e-34,TRUE
"ENSG00000151320.11",-2.01869792222145,1.94158530455024,178.435768688099,3.09701794571425e-35,5.9995179368531e-34,TRUE
"ENSG00000128482.16",-2.03543900876981,-0.183952018161342,174.192231788399,3.93944306430261e-35,7.62328628952949e-34,TRUE
"ENSG00000152583.12",-2.18197141625418,6.51037793477604,176.831937554842,5.25836385757549e-35,1.0139943854898e-33,TRUE
"ENSG00000163145.13",-2.46938514719868,0.962318236030047,176.357938845138,5.53146945338818e-35,1.06470478062341e-33,TRUE
"ENSG00000158125.10",-2.32907287697368,5.14717159994142,175.69090254712,8.12067316896385e-35,1.54497944058792e-33,TRUE
"ENSG00000072195.15",-2.85703747256489,3.19699585509612,175.740875386617,8.3053418994433e-35,1.57845162450619e-33,TRUE
"ENSG00000174099.12",-2.31206882701962,4.65161932988259,175.514828241661,8.71122333043488e-35,1.65038417687924e-33,TRUE
"ENSG00000177272.9",-2.11058069895419,-0.178658675432918,172.102449964721,9.05334439608577e-35,1.71340467659533e-33,TRUE
"ENSG00000095637.22",-2.11251070695367,6.08298909786693,175.107366507629,1.00837787178149e-34,1.9044327747731e-33,TRUE
"ENSG00000151090.20",-2.33596882430408,3.24649312252576,175.002317240504,1.08803738474801e-34,2.04632546222014e-33,TRUE
"ENSG00000278857.1",-2.49612492174687,-0.519310525129209,168.314338507101,1.56746551925519e-34,2.92367097987806e-33,TRUE
"ENSG00000197629.6",-2.03443266416326,4.88976895828638,172.73518176775,2.48488096651876e-34,4.59220230969939e-33,TRUE
"ENSG00000127241.18",-3.12888358451118,2.56816509102477,172.888110648512,2.49690586882085e-34,4.60971161114076e-33,TRUE
"ENSG00000108830.10",-2.08318173675994,-0.302478334822581,168.526359574198,2.84252645743068e-34,5.22643165733491e-33,TRUE
"ENSG00000004776.13",-2.97770781788878,2.52736604915195,172.102539247559,3.36246705833469e-34,6.16987102663363e-33,TRUE
"ENSG00000128218.8",-2.32479861067556,-0.0925779162617936,167.851744709552,4.82341178428923e-34,8.78813957552858e-33,TRUE
"ENSG00000071967.12",-2.03231772349235,5.78162401193171,169.748228995386,7.69093025383086e-34,1.39005873407739e-32,TRUE
"ENSG00000178031.17",-2.02489946410058,2.47427034064306,169.636782600048,8.50488737779391e-34,1.53482043850654e-32,TRUE
"ENSG00000163710.9",-2.91092300511984,1.24364661852519,169.213415971244,8.77632053841778e-34,1.58148771098069e-32,TRUE
"ENSG00000100505.13",-2.25141412619214,0.409201555286486,168.12671554527,9.11136320134847e-34,1.63696598907726e-32,TRUE
"ENSG00000160801.14",-2.00060669961472,-0.475423277833182,164.304943040938,1.13008308161261e-33,2.02028898289479e-32,TRUE
"ENSG00000165457.14",-2.31499151625678,3.01313243675057,168.799307283128,1.15148890307476e-33,2.05652277017522e-32,TRUE
"ENSG00000064655.19",-2.80514719031691,2.45333054873944,168.659596169627,1.24142042627327e-33,2.20623724527661e-32,TRUE
"ENSG00000137265.15",-2.38204517773019,2.81495554658792,168.427108807377,1.33654257454151e-33,2.37295387939718e-32,TRUE
"ENSG00000150627.16",-2.33114691159648,-1.00625823336888,160.563629172237,1.43194692248227e-33,2.53238832455426e-32,TRUE
"ENSG00000130518.17",-2.00126945161216,1.52331112498374,167.777632895085,1.70212043602351e-33,2.99553308283242e-32,TRUE
"ENSG00000155980.13",-2.30343173361801,1.10541240802006,167.508708935945,1.71410266048196e-33,3.01368594217422e-32,TRUE
"ENSG00000124253.11",-2.74515385637424,6.2012783192225,166.679683809263,2.47778929774276e-33,4.31856931218927e-32,TRUE
"ENSG00000203685.10",-3.07753950019964,2.06360810870604,166.732770354802,2.57424132708582e-33,4.47373439862971e-32,TRUE
"ENSG00000122224.18",-2.06338512173427,0.980237420517993,166.154609948696,2.80092147283823e-33,4.85367734420692e-32,TRUE
"ENSG00000189292.16",-2.03275937985045,-0.279087886141639,162.233273650656,3.79427768451474e-33,6.52500236631013e-32,TRUE
"ENSG00000211611.2",-2.75071134068302,1.20570019393149,164.644281410778,5.02240543879294e-33,8.55560376067329e-32,TRUE
"ENSG00000204099.12",-2.39253227904561,3.58593681598148,163.876151908344,7.42982558443269e-33,1.25501558516856e-31,TRUE
"ENSG00000243063.1",-2.58819520514789,0.771033345229139,162.588928128651,9.19296354815733e-33,1.54417865399066e-31,TRUE
"ENSG00000165702.14",-2.18163056888116,-0.768450445039192,157.035239329111,9.61143009163937e-33,1.61147483744239e-31,TRUE
"ENSG00000137757.11",-2.14796233106263,3.02564869893892,163.124792917069,1.0051126830588e-32,1.68207468829674e-31,TRUE
"ENSG00000104921.15",-2.72746185740754,-0.0099516491707013,159.732280609512,1.29047738887106e-32,2.14770610740843e-31,TRUE
"ENSG00000134121.10",-2.34238941460205,2.11591423954234,161.811201069851,1.70658267882179e-32,2.81943674499152e-31,TRUE
"ENSG00000225698.3",-3.05876997725018,3.23450577616586,161.62737530111,1.79308494932711e-32,2.95156806686141e-31,TRUE
"ENSG00000259337.4",-2.34543110486084,-0.413904687778311,157.240711213823,1.93260565577021e-32,3.17544678385371e-31,TRUE
"ENSG00000171533.11",-2.01389850813834,0.901986190530334,161.096577705965,1.93663377207334e-32,3.17917518587225e-31,TRUE
"ENSG00000175329.13",-2.43313120105778,4.79892580526306,160.988316706666,2.21422073058035e-32,3.62170366375649e-31,TRUE
"ENSG00000165449.11",-2.25475130893467,3.95121856603588,160.809447794418,2.39462187864767e-32,3.91323651308119e-31,TRUE
"ENSG00000166736.11",-2.34542905677765,-1.00882539845184,153.326680361853,2.94327741412622e-32,4.77529586920262e-31,TRUE
"ENSG00000137726.17",-2.13758164233814,2.51715292874403,159.708457738254,3.8048477545555e-32,6.12912819214226e-31,TRUE
"ENSG00000197565.16",-2.17128230398441,0.555006937161968,158.753856054629,3.83837740293443e-32,6.17263853387852e-31,TRUE
"ENSG00000113805.8",-2.53043870038337,1.06542058169497,158.870199123988,4.616993358946e-32,7.37820848537488e-31,TRUE
"ENSG00000128645.15",-2.12437777612755,-1.06965366433142,151.138973242263,5.77391588295796e-32,9.16222613420387e-31,TRUE
"ENSG00000182175.14",-2.38068815450619,3.34398330058248,158.075246447269,6.98181913376947e-32,1.10305418727054e-30,TRUE
"ENSG00000189056.14",-2.4781121462682,1.1364594656684,157.633225313164,7.67647707283876e-32,1.20857706110181e-30,TRUE
"ENSG00000181072.11",-3.36561255543702,1.33721758386107,157.231262093506,8.58897548355524e-32,1.34520921048334e-30,TRUE
"ENSG00000172828.13",-2.14953431875093,5.71567563127391,156.721259747129,1.14722573605834e-31,1.78135377607546e-30,TRUE
"ENSG00000135063.19",-2.11086913687041,0.691102486906735,155.916242319471,1.27445224852729e-31,1.96875640511814e-30,TRUE
"ENSG00000196924.19",-2.08250399865738,9.90770948748597,155.822600314833,1.62308205471327e-31,2.48817515325595e-30,TRUE
"ENSG00000244116.3",-2.6622177867695,-0.504189722418125,151.196936835294,1.96885870971394e-31,2.99790668233949e-30,TRUE
"ENSG00000254709.8",-2.40807698394014,0.696628102270681,154.567002298098,2.025424344025e-31,3.08144104325823e-30,TRUE
"ENSG00000124491.16",-2.56633734538121,4.38514327232226,155.056352988483,2.20938350190201e-31,3.34722526516151e-30,TRUE
"ENSG00000102886.15",-2.00123211824256,3.22717755211522,154.995865429181,2.30546419623509e-31,3.48694224960276e-30,TRUE
"ENSG00000108700.5",-2.43547869132667,1.34216384776996,154.878645957358,2.33361550837007e-31,3.51774534597837e-30,TRUE
"ENSG00000125355.16",-2.05243655703594,0.35578524926071,153.645050080707,2.51116290941789e-31,3.77593664099991e-30,TRUE
"ENSG00000149451.18",-2.16728766125315,2.00801084262362,154.7529301405,2.609348690516e-31,3.92031323627482e-30,TRUE
"ENSG00000166482.12",-2.20806484729708,5.63598213993879,154.304825962596,2.93497633085025e-31,4.39857066366396e-30,TRUE
"ENSG00000251546.1",-2.85559267734442,0.806024910399719,153.322782691695,3.38671992434495e-31,5.05880792666203e-30,TRUE
"ENSG00000072657.9",-2.29044530018898,1.40364995905581,153.898870675923,3.49590825563405e-31,5.21328760827804e-30,TRUE
"ENSG00000187398.12",-2.16671758507554,-0.0663607472906224,150.95314174667,4.77837620433293e-31,7.06746084428097e-30,TRUE
"ENSG00000108823.16",-2.41595681848551,1.10269846345253,151.992287213423,6.80614380160669e-31,9.96873930877142e-30,TRUE
"ENSG00000231412.2",-2.60696697632689,0.272511620614464,150.434585699264,6.98598261199075e-31,1.02238582776616e-29,TRUE
"ENSG00000174123.11",-2.11837664154804,0.215880007763858,150.727391753603,7.14177339709009e-31,1.04433990597901e-29,TRUE
"ENSG00000135220.11",-3.21264437439557,4.47919232840655,151.872045132913,7.65781761321602e-31,1.11528924690787e-29,TRUE
"ENSG00000211890.4",-3.62461520087984,10.1586764748325,151.128086249603,1.01197254771659e-30,1.46910777730359e-29,TRUE
"ENSG00000114771.14",-2.93270007184737,0.542132975423297,148.881299386982,1.53276687950085e-30,2.20216443403007e-29,TRUE
"ENSG00000164850.15",-2.12375757208268,1.85608451061358,149.708613413617,1.86078763556237e-30,2.65654626580997e-29,TRUE
"ENSG00000241158.7",-2.76457251051384,0.0517100216274973,147.068478506947,1.96650501104493e-30,2.80304507646893e-29,TRUE
"ENSG00000174514.13",-2.0412797116811,3.7976228435512,149.298327988789,2.10584459910455e-30,2.99693191214296e-29,TRUE
"ENSG00000175084.12",-3.70285213180065,8.11802513013707,148.783707538585,2.53661692880604e-30,3.60147795532131e-29,TRUE
"ENSG00000134533.6",-2.14077747982349,2.08544647876405,148.79427372058,2.669338996825e-30,3.77804487303172e-29,TRUE
"ENSG00000177103.15",-2.31178082243117,-0.129368458738192,144.877939698129,4.2656098305302e-30,5.94881420347244e-29,TRUE
"ENSG00000120885.22",-2.30396340918865,6.38231873471249,146.94679126214,5.22653863140717e-30,7.22205345749642e-29,TRUE
"ENSG00000125148.7",-2.13301200899207,6.465386953643,146.760258398197,5.62381135671293e-30,7.747314516862e-29,TRUE
"ENSG00000038295.8",-2.148291249082,0.0932676939570972,144.804973491359,6.8479643774582e-30,9.3552613876175e-29,TRUE
"ENSG00000153902.14",-2.11695567914258,2.42918457700123,145.911922853994,8.24353548311118e-30,1.11941142240234e-28,TRUE
"ENSG00000165186.12",-2.68857148790375,0.171498858968301,143.879179678558,8.97219067954837e-30,1.21470692391129e-28,TRUE
"ENSG00000066468.23",-2.13577188403797,4.46384878375601,144.921393450875,1.16955594272497e-29,1.57515306324971e-28,TRUE
"ENSG00000243238.1",-2.88713122566109,3.17619028487203,144.79752648106,1.26216150650879e-29,1.69482221906685e-28,TRUE
"ENSG00000112818.10",-2.48836782858253,7.21722509130322,144.087765845078,1.61399120469002e-29,2.14810581985033e-28,TRUE
"ENSG00000181374.8",-2.55470547895208,1.76068145326295,144.079442712429,1.68602198218543e-29,2.2406736254426e-28,TRUE
"ENSG00000259834.1",-2.15474576735969,0.681689962038222,143.538407267286,1.68987746494887e-29,2.24414734030021e-28,TRUE
"ENSG00000132704.16",-2.19547056246964,0.226126346183508,142.552876023969,1.85930438232021e-29,2.46371461921228e-28,TRUE
"ENSG00000162670.11",-3.18978070408921,1.11210396684079,141.587126088039,3.80453088110152e-29,4.92925384552178e-28,TRUE
"ENSG00000187912.12",-2.08763812592225,-0.921004856925753,136.98736430648,4.09232320930742e-29,5.29832734133398e-28,TRUE
"ENSG00000152292.17",-2.54357890753094,0.323969630023287,140.116974815426,4.53206125336844e-29,5.85926145160095e-28,TRUE
"ENSG00000121898.13",-2.35443995834545,3.68388862157145,140.868424411257,5.88448093912088e-29,7.56982978602639e-28,TRUE
"ENSG00000121807.6",-2.06246017307103,1.5200605965093,140.897963265777,5.91072722214676e-29,7.59818519296447e-28,TRUE
"ENSG00000144290.17",-2.73080144905092,0.375834800845326,138.987982442229,7.98651061793605e-29,1.0165365697787e-27,TRUE
"ENSG00000151882.11",-2.07463390432128,5.18872439681306,139.444864839113,1.02188945839209e-28,1.29158252244606e-27,TRUE
"ENSG00000115616.3",-2.0674168480144,4.8719210735234,138.522940716112,1.47767549146679e-28,1.84316817341413e-27,TRUE
"ENSG00000143867.7",-2.2192955334246,0.837114129636291,137.834107302,1.73691966924282e-28,2.15316091233846e-27,TRUE
"ENSG00000173641.18",-2.69716013533002,3.09540908504483,137.603093444166,2.19255821181436e-28,2.70131541379229e-27,TRUE
"ENSG00000101938.15",-2.94885881609472,3.67912668945955,137.49261904773,2.26602298635722e-28,2.78234371300411e-27,TRUE
"ENSG00000135218.19",-2.33387976064477,3.65023356577795,137.36126104169,2.37989369889861e-28,2.91819529945003e-27,TRUE
"ENSG00000119938.9",-2.10639956181145,1.6601611518933,135.870152222532,4.41895946487602e-28,5.33878832674928e-27,TRUE
"ENSG00000124440.16",-2.2630253144069,1.6360240926567,134.652223740086,7.16291794468442e-28,8.55102899156051e-27,TRUE
"ENSG00000183778.17",-2.62343090451909,5.45573901235978,134.40235893841,7.6702937639188e-28,9.12058483480713e-27,TRUE
"ENSG00000171951.5",-2.1978741760148,2.19603144742989,134.426631740484,7.93204005348629e-28,9.41324306807034e-27,TRUE
"ENSG00000108242.13",-2.12561307972636,1.52440444777353,134.072417260347,8.99519828441552e-28,1.06400009026522e-26,TRUE
"ENSG00000211652.2",-2.83451943551609,2.79807321605217,133.470992989765,1.1565506845269e-27,1.35825192151652e-26,TRUE
"ENSG00000074276.10",-2.31268575890876,6.01538710987771,133.355217206944,1.16661463932205e-27,1.36918136305887e-26,TRUE
"ENSG00000100079.7",-2.50576108359522,3.44409968263977,132.433610477558,1.7251936765855e-27,2.00521868235411e-26,TRUE
"ENSG00000154553.16",-2.00859639253478,4.38695780033869,132.380444796986,1.73673746178167e-27,2.01604321671431e-26,TRUE
"ENSG00000224607.4",-2.52250664840181,-0.69663302644546,127.45344980653,2.33946126306314e-27,2.69492816243487e-26,TRUE
"ENSG00000013297.12",-2.05026247549042,0.571505566843758,130.163918411964,3.54856576157946e-27,4.04138485033315e-26,TRUE
"ENSG00000244734.4",-2.59002287460868,4.62896016802911,129.712085781934,5.09472454235692e-27,5.74077627048372e-26,TRUE
"ENSG00000088386.17",-2.86467144298124,2.82533294679074,129.401460894163,5.95334136184052e-27,6.67912425660493e-26,TRUE
"ENSG00000100321.15",-2.00643037509594,2.01575762183142,128.846625357207,7.50555650795647e-27,8.39451907950527e-26,TRUE
"ENSG00000100721.11",-2.74278839708889,0.19279402523517,127.390731914723,7.66498836143022e-27,8.56223730806488e-26,TRUE
"ENSG00000105369.10",-2.45612838889612,3.61145589225141,128.533334964602,8.29800132764772e-27,9.24649050529624e-26,TRUE
"ENSG00000198947.16",-2.02172542877939,4.04280011254014,128.443045005427,8.54351885199831e-27,9.51420577517051e-26,TRUE
"ENSG00000090402.8",-3.24127854055577,4.69332279481252,127.685203392641,1.15916148645272e-26,1.27982191240969e-25,TRUE
"ENSG00000148798.11",-2.43362347181541,-0.262505278599279,124.987409919362,1.41572172783044e-26,1.55265500660239e-25,TRUE
"ENSG00000112964.14",-2.07003465538809,1.9965714697554,126.376254376159,2.04203634461098e-26,2.21402308893214e-25,TRUE
"ENSG00000100302.7",-2.01877171818121,3.53552202978924,123.636931663198,6.06919253888319e-26,6.45262270281029e-25,TRUE
"ENSG00000180347.13",-2.05409584273506,-1.11962935695511,118.740020152514,7.27423981884984e-26,7.67959173398901e-25,TRUE
"ENSG00000133169.6",-2.4378426212355,-0.63211532783912,119.152204400351,9.21703495846749e-26,9.69666413500241e-25,TRUE
"ENSG00000254174.1",-2.09724132032566,-1.23031806083467,117.204098703287,1.23153366260948e-25,1.28144728946481e-24,TRUE
"ENSG00000069535.14",-2.37860095000417,3.55290222625169,121.568327162174,1.41521756413731e-25,1.46834915351422e-24,TRUE
"ENSG00000163586.10",-2.7569114849945,9.27396423048259,121.002038167547,1.75721841618945e-25,1.81071639989784e-24,TRUE
"ENSG00000082175.15",-2.17305172597541,0.703737694094373,120.474522848046,1.92625480478244e-25,1.97813234895669e-24,TRUE
"ENSG00000137634.10",-2.87132324726848,5.420908978276,120.550286456925,2.1201655036175e-25,2.17232830569063e-24,TRUE
"ENSG00000254056.1",-2.1003809867217,-0.862236636742641,116.481408465938,2.65506866627711e-25,2.70658268890538e-24,TRUE
"ENSG00000197614.11",-2.39774200589083,3.35024863198411,118.990234609176,4.08900223372346e-25,4.11954439087613e-24,TRUE
"ENSG00000253883.1",-2.06144917566095,-1.02902508037799,114.491914401538,4.93813266439938e-25,4.95843387646414e-24,TRUE
"ENSG00000211633.3",-2.25493540537701,-0.944386249481564,114.281663833732,5.57416600805835e-25,5.57539991309611e-24,TRUE
"ENSG00000105398.4",-2.92246885496125,0.513185759460307,117.26298951307,5.89335430571413e-25,5.88488871389377e-24,TRUE
"ENSG00000224650.2",-2.72048187547528,4.54008153932402,117.473522547513,7.54284546478173e-25,7.48240334415285e-24,TRUE
"ENSG00000012124.17",-2.33527287527794,1.99485862288607,116.750290440301,1.04784653974334e-24,1.02316468715944e-23,TRUE
"ENSG00000224189.8",-2.05077359285073,3.82010262351843,116.217449678181,1.27227166816943e-24,1.23430156363362e-23,TRUE
"ENSG00000162614.19",-2.00713294997189,3.55202054151756,116.106680399584,1.33563063117689e-24,1.29368638949041e-23,TRUE
"ENSG00000277586.4",-2.71401193025509,0.66264336326591,115.53254362768,1.37240913669e-24,1.32788665613143e-23,TRUE
"ENSG00000164106.8",-2.45289567102122,-0.473554764882938,113.026361288204,1.72911101210656e-24,1.66410822325953e-23,TRUE
"ENSG00000018236.15",-2.43464319248704,0.999215755957052,115.323886617425,1.73763277666297e-24,1.67053057475566e-23,TRUE
"ENSG00000211957.2",-2.16996651824924,-0.814770369954535,111.343542911045,2.33293191499107e-24,2.22861582619178e-23,TRUE
"ENSG00000254851.1",-2.48452492067346,0.264728883878767,113.500157008754,2.81684167407675e-24,2.67392838325962e-23,TRUE
"ENSG00000184828.10",-2.10608192550312,4.81065042470589,114.23823343088,2.86696698698114e-24,2.7172292251021e-23,TRUE
"ENSG00000019102.12",-2.75282302804421,5.35167881738088,113.80814985557,3.42291569862249e-24,3.22753738915714e-23,TRUE
"ENSG00000211938.2",-2.59066701980492,4.88517315803671,113.465365362102,3.95152278269747e-24,3.71397934344639e-23,TRUE
"ENSG00000188783.6",-2.54231552909485,4.53634620716513,113.429942856492,4.01609543465948e-24,3.77270836206006e-23,TRUE
"ENSG00000211625.2",-2.55734401987756,2.63153847676921,113.436712507748,4.10603833263205e-24,3.85319505835886e-23,TRUE
"ENSG00000154262.13",-2.0665810168869,0.924801770189897,112.129028935316,6.56989197066849e-24,6.06766619713144e-23,TRUE
"ENSG00000253132.1",-2.11829604672453,-0.206979587951964,110.292022877855,7.33442321832851e-24,6.75649160285777e-23,TRUE
"ENSG00000116183.11",-2.11433727438779,-0.374554352431548,109.941045825088,8.06756735606465e-24,7.40168590830013e-23,TRUE
"ENSG00000132874.15",-2.58315296205472,-0.24239998724834,109.842157866357,8.14095630363234e-24,7.46144240526628e-23,TRUE
"ENSG00000185915.5",-2.13030603711468,-0.348361804535433,109.870680183184,8.25080166441099e-24,7.55828632957751e-23,TRUE
"ENSG00000198125.13",-2.1718494456793,2.13643446801055,111.739313089365,8.34468059546928e-24,7.63654466240566e-23,TRUE
"ENSG00000188833.10",-2.31195464966897,4.80656286236934,109.265038810379,2.27228437540733e-23,2.01715460712731e-22,TRUE
"ENSG00000186868.16",-2.12646482925016,1.29760707059966,108.944623956525,2.60154222812444e-23,2.3026578957454e-22,TRUE
"ENSG00000138615.6",-2.70022176594126,3.04685209829827,108.502825497784,3.1832807492947e-23,2.79973801765219e-22,TRUE
"ENSG00000197766.8",-2.27070490463436,5.13573040234083,107.128363406401,5.55248576946784e-23,4.78795934147719e-22,TRUE
"ENSG00000135702.14",-2.27585195245635,1.72441249622601,104.795431949849,1.51464333097114e-22,1.25807277407962e-21,TRUE
"ENSG00000143416.21",-2.00835602248199,8.70503004974416,104.62707329123,1.58520833298115e-22,1.31547545501842e-21,TRUE
"ENSG00000169715.15",-2.2596726271896,5.82276361624501,104.559760801551,1.63219614814215e-22,1.35198502206789e-21,TRUE
"ENSG00000241224.8",-2.0383441082374,2.43080285913979,102.076426790808,4.77433785255947e-22,3.83517254876266e-21,TRUE
"ENSG00000182836.10",-2.25459072199563,-0.798349650039368,99.2837944060396,5.72072100037229e-22,4.55691103396778e-21,TRUE
"ENSG00000197893.14",-2.01417662380988,-0.987882427370176,98.633363052324,6.25391852647122e-22,4.96631473846401e-21,TRUE
"ENSG00000241566.1",-2.32114883346055,-0.364273937006084,98.968183933805,7.96538197818306e-22,6.29498530274073e-21,TRUE
"ENSG00000157703.16",-2.29773144880014,-0.554689930904039,98.2252290680728,1.04104295484882e-21,8.15950145964333e-21,TRUE
"ENSG00000282600.2",-2.04225674144771,0.242797472096,99.296461431243,1.19027795648562e-21,9.30496703526001e-21,TRUE
"ENSG00000172915.18",-2.04615957214532,1.91263638190361,99.0939273042222,1.69321162147415e-21,1.30782507891127e-20,TRUE
"ENSG00000136573.14",-2.15063722034034,0.353106865960808,98.048676345323,2.10309844742666e-21,1.61613100930227e-20,TRUE
"ENSG00000211632.4",-2.16868111870724,1.20232355864938,98.2110904374252,2.38018836447272e-21,1.81900737841352e-20,TRUE
"ENSG00000213088.12",-2.1846756673065,3.14001236943031,97.490727897982,3.30916476753134e-21,2.5004115388111e-20,TRUE
"ENSG00000240382.3",-2.49084444775111,3.73429218880269,97.4212810817477,3.38985853736632e-21,2.55817549913816e-20,TRUE
"ENSG00000211642.3",-2.80596179830766,3.02284113886247,96.7868914563285,4.48743068285262e-21,3.36120274189301e-20,TRUE
"ENSG00000226777.7",-2.07972094788473,1.29514949997326,96.5672546635211,4.85126607403301e-21,3.61872814783626e-20,TRUE
"ENSG00000241244.1",-2.48081632573496,1.32675165546712,95.9307280582005,6.33764529627563e-21,4.67537147285248e-20,TRUE
"ENSG00000138075.14",-2.06185581316955,0.235492219165136,95.0505339592523,7.3708767426199e-21,5.41549700187448e-20,TRUE
"ENSG00000211968.3",-2.46075995933605,1.59956809853937,94.7446511528283,1.06929796952118e-20,7.77413173818417e-20,TRUE
"ENSG00000244575.3",-2.39480699966307,3.37281359516037,94.2001588493741,1.34719493161772e-20,9.71636121071778e-20,TRUE
"ENSG00000178343.5",-2.08124109284858,1.05334442834482,93.6857701394238,1.63538456766216e-20,1.17200399190824e-19,TRUE
"ENSG00000242076.2",-2.17360033251973,-0.652068566026373,91.3014143385466,2.37137147937939e-20,1.6794736723473e-19,TRUE
"ENSG00000253234.1",-2.03984088583289,-0.0214367241506615,91.8319527450306,2.50399092760249e-20,1.76948424719877e-19,TRUE
"ENSG00000188536.13",-2.07587804016891,2.35842704541772,92.0633284141413,3.40781194159956e-20,2.37718228608531e-19,TRUE
"ENSG00000140297.13",-2.05130869356819,7.16083219721096,91.1442426987723,4.9504780149494e-20,3.40338302176476e-19,TRUE
"ENSG00000187288.12",-2.19692849537653,2.04623625409276,91.187798402306,4.97419325311822e-20,3.41578909030619e-19,TRUE
"ENSG00000095110.8",-2.22682066818819,4.51455366103526,90.729267694253,5.93906245443177e-20,4.05066470948678e-19,TRUE
"ENSG00000132639.13",-2.2396512590525,0.128309974135708,89.9100844782006,6.59047761955286e-20,4.47469167903075e-19,TRUE
"ENSG00000211947.2",-2.42350780314605,4.93805200642756,90.4761062606354,6.61729196391914e-20,4.48952458543072e-19,TRUE
"ENSG00000127074.15",-2.00257015228315,-0.079578483091741,89.3413992185407,7.72011711136204e-20,5.22205825863614e-19,TRUE
"ENSG00000239951.1",-2.322671976115,6.5685718422679,89.5037880159174,1.00499418907712e-19,6.73748700793024e-19,TRUE
"ENSG00000211895.5",-2.64239042593283,10.668054897456,89.2651112531519,1.11397297443561e-19,7.44598651625342e-19,TRUE
"ENSG00000211941.3",-2.41579193872317,4.26171455726397,88.9667646923537,1.27296489234694e-19,8.47112204133968e-19,TRUE
"ENSG00000156738.18",-2.42702828907129,2.06303378827427,88.8259273395809,1.37765079055884e-19,9.14420139131857e-19,TRUE
"ENSG00000211972.2",-2.26136018576204,1.73301722880093,88.1573274976242,1.83350886202446e-19,1.20373553113803e-18,TRUE
"ENSG00000117322.18",-2.55556886065704,2.65684178062862,87.8788092331966,2.06849069694506e-19,1.35211214671193e-18,TRUE
"ENSG00000128573.26",-2.06911388076637,2.71595004691426,87.8024974858984,2.1335368702318e-19,1.39261630164571e-18,TRUE
"ENSG00000235026.6",-2.36717364642918,0.137254686655782,86.5835364113804,2.71129445990041e-19,1.75452689109345e-18,TRUE
"ENSG00000240864.3",-2.37534118515049,3.81232595549637,86.8814543726453,3.14995447521263e-19,2.02967120089102e-18,TRUE
"ENSG00000170298.15",-2.01879540260547,1.89390845448877,86.1477810341536,4.39480017946608e-19,2.79688797336866e-18,TRUE
"ENSG00000115263.15",-3.31563202585682,3.22329199986067,85.6631241640108,5.39470944150582e-19,3.41639728261304e-18,TRUE
"ENSG00000166959.8",-2.03077784285776,3.49526264111962,85.6134919126795,5.47360096346899e-19,3.46150678144641e-18,TRUE
"ENSG00000164825.4",-2.01921659244215,1.94986959744676,85.2073247530725,6.61504652647562e-19,4.16441487006341e-18,TRUE
"ENSG00000170476.16",-2.00870183367067,4.1674927887857,84.8101946357938,7.73297568295966e-19,4.83953609743119e-18,TRUE
"ENSG00000172724.12",-2.2121357298276,2.22660434039488,81.6084321360968,3.18014827042126e-18,1.89571239576497e-17,TRUE
"ENSG00000224373.3",-2.34375608548136,4.81245037587593,80.9812655770354,4.11641463639278e-18,2.43376114289052e-17,TRUE
"ENSG00000211965.4",-2.35915011380739,3.94770637217567,80.1765892117433,5.87841848220094e-18,3.44397198208427e-17,TRUE
"ENSG00000266200.6",-2.2540803886205,1.99247611413375,79.6145012013272,7.62664958638756e-18,4.43942237115519e-17,TRUE
"ENSG00000172782.12",-2.30123951960255,0.318104129053661,78.3963700509469,1.09043847698085e-17,6.26664071000062e-17,TRUE
"ENSG00000243290.3",-2.29201040412877,3.10259814060534,78.5802839933414,1.1932571115336e-17,6.82713802907826e-17,TRUE
"ENSG00000137077.8",-2.01646238292412,4.29286818376501,78.3873162663275,1.28913227403468e-17,7.35937356945761e-17,TRUE
"ENSG00000211964.3",-2.27662084017795,4.53623281325559,78.1072771553226,1.45780670695853e-17,8.28045204951871e-17,TRUE
"ENSG00000242766.1",-2.15897526104085,-0.114869390349274,77.0153730982544,1.74469712628007e-17,9.84664277148127e-17,TRUE
"ENSG00000240671.4",-2.14269210217235,1.15791427173141,77.5935622248971,1.8070721257269e-17,1.01811164589738e-16,TRUE
"ENSG00000130294.17",-2.43224483591255,1.33239018687873,77.412194579746,1.9764332564797e-17,1.11007006456228e-16,TRUE
"ENSG00000144191.12",-2.28986059192828,-0.017159606675164,76.4884508018992,2.42352948689815e-17,1.35027348786058e-16,TRUE
"ENSG00000181617.6",-2.3852836613579,1.32998648181588,75.0870101401188,5.54486362949184e-17,2.99873923517162e-16,TRUE
"ENSG00000134240.12",-2.26632484553584,8.12533891424522,75.0790449150404,5.54832653514984e-17,2.99971444200712e-16,TRUE
"ENSG00000211942.3",-2.22756178677255,1.94710984434278,73.856066238324,9.70195472218577e-17,5.14835964911291e-16,TRUE
"ENSG00000169271.3",-2.11716428432904,-0.479124044474104,72.6285518244748,1.10702921789731e-16,5.84188206840177e-16,TRUE
"ENSG00000211651.3",-2.26060404152219,4.65879338649512,72.5933437445396,1.67777126026516e-16,8.75152604849424e-16,TRUE
"ENSG00000241294.1",-2.31082430675692,3.3684961219305,72.5799160126103,1.69741086050444e-16,8.851414856537e-16,TRUE
"ENSG00000188175.10",-2.39838003398066,4.65081887871315,72.4370278815776,1.79895487154288e-16,9.36202428686034e-16,TRUE
"ENSG00000091482.8",-2.16639498061278,0.11396137611141,71.9887180747882,1.84615678755541e-16,9.59476026124779e-16,TRUE
"ENSG00000211943.2",-2.26250102370389,4.9573322273688,71.8787652247414,2.30577454163925e-16,1.19138276345306e-15,TRUE
"ENSG00000211670.2",-2.29774124922187,2.7620865730495,70.7800782584712,3.80501377150487e-16,1.93125017989832e-15,TRUE
"ENSG00000122121.11",-2.28467449541667,4.39052202498405,70.5186604672387,4.23703529238344e-16,2.14390190018305e-15,TRUE
"ENSG00000127083.7",-2.03947871928853,0.574629709621253,69.5114699627214,6.27229915203947e-16,3.12818804839849e-15,TRUE
"ENSG00000116176.6",-2.05452152377389,2.92003328380611,68.8358684052902,9.06580793157237e-16,4.45380300503504e-15,TRUE
"ENSG00000211949.3",-2.1410263224105,5.8058844924918,68.5764321850524,1.0093349924123e-15,4.93981062898994e-15,TRUE
"ENSG00000214814.7",-2.22042989060821,2.85763270869648,68.35962851261,1.12310560535143e-15,5.46701069515801e-15,TRUE
"ENSG00000167676.4",-2.68470940875771,3.96653880425312,68.2892968543365,1.15242507803794e-15,5.59767021243154e-15,TRUE
"ENSG00000211937.3",-2.2349102932646,4.34447280209569,67.4600410730303,1.66978665832844e-15,8.00735581391036e-15,TRUE
"ENSG00000211666.2",-2.13041967455179,5.91548978618998,66.8101768302747,2.23262763383325e-15,1.06107051942946e-14,TRUE
"ENSG00000211976.2",-2.14082434946495,3.04780176854953,64.5111213789094,6.34604144643416e-15,2.91567534018653e-14,TRUE
"ENSG00000278196.3",-2.15507033415258,4.39281292225323,63.9096064712818,8.28451113767299e-15,3.77639985630017e-14,TRUE
"ENSG00000211966.2",-2.19918885391363,5.54459286723695,63.4252920635296,1.03015952052694e-14,4.65593977844557e-14,TRUE
"ENSG00000007216.15",-2.19595493245169,3.63525155639489,61.455584450353,2.52864394937901e-14,1.10687117319148e-13,TRUE
"ENSG00000211933.2",-2.16066957977195,3.59048975693978,59.7841581047998,5.41510542261599e-14,2.30559753612159e-13,TRUE
"ENSG00000241755.1",-2.11109161367185,4.4850283855678,58.8542339070669,8.25976844037663e-14,3.45491911111704e-13,TRUE
"ENSG00000275395.6",-2.30386389034029,10.1074655730106,58.0829363821693,1.17378766348277e-13,4.82662896364482e-13,TRUE
"ENSG00000211934.3",-2.1973101057868,4.85263188416032,57.4730899036433,1.55370508178173e-13,6.32185178931178e-13,TRUE
"ENSG00000211967.3",-2.03669233818156,2.9294921626444,56.056164771379,2.9937793712085e-13,1.1866133411233e-12,TRUE
"ENSG00000211650.2",-2.09378125983582,2.38032244755005,53.8778383448583,8.18598048875252e-13,3.12401628702941e-12,TRUE
"ENSG00000211638.2",-2.17226816004682,3.7857737322637,53.4977502627898,9.70108905493107e-13,3.67969535317574e-12,TRUE
"ENSG00000211685.3",-2.07920421096741,2.12209136269507,52.957365124056,1.25311783157502e-12,4.69893188545372e-12,TRUE
"ENSG00000211598.2",-2.00121095579223,6.77104569476842,52.7616391653937,1.35992268366247e-12,5.08255636569797e-12,TRUE
"ENSG00000282122.1",-2.37770611547351,2.58522296467576,52.2153088276463,1.76445792143924e-12,6.53232537322673e-12,TRUE
"ENSG00000211637.2",-2.1169911122661,4.20051690165399,50.8797407078321,3.25982879368215e-12,1.18072436106235e-11,TRUE
"ENSG00000211649.3",-2.15547007667541,3.76603699284566,49.3590006389131,6.62066717024326e-12,2.32805327694507e-11,TRUE
"ENSG00000211669.3",-2.01223049795182,3.88006803411021,47.7994181550391,1.37074235378018e-11,4.68421200647058e-11,TRUE
"ENSG00000211639.2",-2.02735865586044,2.1237588079336,43.2120444612482,1.1888168231714e-10,3.70843549568516e-10,TRUE
"ENSG00000282651.2",-2.04464327218538,3.49569057215448,38.1094103878514,1.33728420800618e-09,3.75661715503633e-09,TRUE
"ENSG00000016490.16",-2.43773885323246,8.83798848123315,37.1511226808687,2.11132330981675e-09,5.82507365312594e-09,TRUE
"ENSG00000179914.5",-2.21702711338967,6.67240933604228,36.7209674222225,2.59483383145512e-09,7.10806709150044e-09,TRUE
